-- phpMyAdmin SQL Dump
-- version 4.4.14
-- http://www.phpmyadmin.net
--
-- Servidor: 127.0.0.1
-- Tiempo de generación: 09-06-2016 a las 18:01:39
-- Versión del servidor: 5.6.26
-- Versión de PHP: 5.5.28

SET SQL_MODE = "NO_AUTO_VALUE_ON_ZERO";
SET time_zone = "+00:00";


/*!40101 SET @OLD_CHARACTER_SET_CLIENT=@@CHARACTER_SET_CLIENT */;
/*!40101 SET @OLD_CHARACTER_SET_RESULTS=@@CHARACTER_SET_RESULTS */;
/*!40101 SET @OLD_COLLATION_CONNECTION=@@COLLATION_CONNECTION */;
/*!40101 SET NAMES utf8mb4 */;

--
-- Base de datos: `sgpp`
--

-- --------------------------------------------------------

--
-- Estructura de tabla para la tabla `area`
--

CREATE TABLE IF NOT EXISTS `area` (
  `area_id` int(11) NOT NULL,
  `area_nombre` varchar(100) NOT NULL
) ENGINE=InnoDB AUTO_INCREMENT=4 DEFAULT CHARSET=latin1;

--
-- Volcado de datos para la tabla `area`
--

INSERT INTO `area` (`area_id`, `area_nombre`) VALUES
(0, 'Sin Asignar'),
(1, 'Investigación'),
(2, 'Incubadora'),
(3, 'Fábrica');

-- --------------------------------------------------------

--
-- Estructura de tabla para la tabla `area_proyecto`
--

CREATE TABLE IF NOT EXISTS `area_proyecto` (
  `area_proyecto_id` int(11) NOT NULL,
  `hh_asignadas` int(11) NOT NULL,
  `proy_id` int(11) NOT NULL,
  `area_id` int(11) NOT NULL
) ENGINE=InnoDB DEFAULT CHARSET=latin1;

-- --------------------------------------------------------

--
-- Estructura de tabla para la tabla `bolsa_hh`
--

CREATE TABLE IF NOT EXISTS `bolsa_hh` (
  `blsa_id` int(11) NOT NULL,
  `blsa_nombre` varchar(100) CHARACTER SET utf8 NOT NULL,
  `hh_total` int(11) NOT NULL,
  `hh_disponibles` int(11) NOT NULL
) ENGINE=InnoDB AUTO_INCREMENT=5 DEFAULT CHARSET=latin1;

--
-- Volcado de datos para la tabla `bolsa_hh`
--

INSERT INTO `bolsa_hh` (`blsa_id`, `blsa_nombre`, `hh_total`, `hh_disponibles`) VALUES
(1, 'Proyectos Zenta', 180, 180),
(2, 'Proyectos Externos e Internos', 320, 320),
(3, 'Innovación e Investigación', 130, 130),
(4, 'En Espera', 0, 0);

-- --------------------------------------------------------

--
-- Estructura de tabla para la tabla `colores`
--

CREATE TABLE IF NOT EXISTS `colores` (
  `color` varchar(100) NOT NULL
) ENGINE=InnoDB DEFAULT CHARSET=latin1;

--
-- Volcado de datos para la tabla `colores`
--

INSERT INTO `colores` (`color`) VALUES
('amethyst'),
('autumn'),
('blackberry'),
('coral'),
('default'),
('emerald'),
('fancy'),
('fire'),
('flatie'),
('forest'),
('lake'),
('modern'),
('spring'),
('waterlily');

-- --------------------------------------------------------

--
-- Estructura de tabla para la tabla `email_confirmations`
--

CREATE TABLE IF NOT EXISTS `email_confirmations` (
  `id` int(10) unsigned NOT NULL,
  `usersId` int(10) unsigned NOT NULL,
  `code` char(32) NOT NULL,
  `createdAt` int(10) unsigned NOT NULL,
  `modifiedAt` int(10) unsigned DEFAULT NULL,
  `confirmed` char(1) DEFAULT 'N'
) ENGINE=InnoDB DEFAULT CHARSET=utf8;

-- --------------------------------------------------------

--
-- Estructura de tabla para la tabla `failed_logins`
--

CREATE TABLE IF NOT EXISTS `failed_logins` (
  `id` int(10) unsigned NOT NULL,
  `usersId` int(10) unsigned DEFAULT NULL,
  `ipAddress` char(15) NOT NULL,
  `attempted` smallint(5) unsigned NOT NULL
) ENGINE=InnoDB AUTO_INCREMENT=68 DEFAULT CHARSET=utf8;

--
-- Volcado de datos para la tabla `failed_logins`
--

INSERT INTO `failed_logins` (`id`, `usersId`, `ipAddress`, `attempted`) VALUES
(1, 1, '::1', 65535),
(2, 1, '::1', 65535),
(3, 1, '::1', 65535),
(4, 1, '::1', 65535),
(5, 1, '::1', 65535),
(6, 1, '::1', 65535),
(7, 1, '::1', 65535),
(8, 6, '::1', 65535),
(9, 1, '::1', 65535),
(10, 7, '::1', 65535),
(11, 7, '::1', 65535),
(12, 5, '::1', 65535),
(13, 5, '::1', 65535),
(14, 5, '::1', 65535),
(15, 4, '::1', 65535),
(16, 1, '::1', 65535),
(17, 1, '::1', 65535),
(18, 1, '::1', 65535),
(19, 1, '::1', 65535),
(20, 1, '::1', 65535),
(21, 1, '201.239.78.60', 65535),
(22, 1, '201.239.78.60', 65535),
(23, 17, '201.239.78.60', 65535),
(24, 17, '201.239.78.60', 65535),
(25, 17, '201.239.78.60', 65535),
(26, 17, '201.239.78.60', 65535),
(27, 17, '201.239.78.60', 65535),
(28, 11, '200.112.248.249', 65535),
(29, 11, '200.112.248.249', 65535),
(30, 1, '200.112.248.249', 65535),
(31, 1, '190.216.147.246', 65535),
(32, 0, '186.36.4.90', 65535),
(33, 19, '190.216.147.246', 65535),
(34, 1, '190.209.2.190', 65535),
(35, 13, '201.214.89.98', 65535),
(36, 13, '201.214.89.98', 65535),
(37, 13, '201.214.89.98', 65535),
(38, 13, '201.214.89.98', 65535),
(39, 13, '201.214.89.98', 65535),
(40, 13, '201.214.89.98', 65535),
(41, 15, '190.216.147.246', 65535),
(42, 15, '190.216.147.246', 65535),
(43, 17, '190.91.55.140', 65535),
(44, 1, '190.209.2.190', 65535),
(45, 13, '190.209.2.190', 65535),
(46, 1, '190.209.2.190', 65535),
(47, 13, '190.209.2.190', 65535),
(48, 1, '201.239.78.60', 65535),
(49, 1, '201.239.78.60', 65535),
(50, 14, '190.216.147.246', 65535),
(51, 14, '::1', 65535),
(52, 14, '::1', 65535),
(53, 14, '::1', 65535),
(54, 14, '::1', 65535),
(55, 14, '::1', 65535),
(56, 14, '::1', 65535),
(57, 21, '::1', 65535),
(58, 1, '::1', 65535),
(59, 1, '::1', 65535),
(60, 1, '::1', 65535),
(61, 1, '::1', 65535),
(62, 1, '::1', 65535),
(63, 1, '::1', 65535),
(64, 1, '::1', 65535),
(65, 1, '::1', 65535),
(66, 1, '::1', 65535),
(67, 1, '::1', 65535);

-- --------------------------------------------------------

--
-- Estructura de tabla para la tabla `password_changes`
--

CREATE TABLE IF NOT EXISTS `password_changes` (
  `id` int(10) unsigned NOT NULL,
  `usersId` int(10) unsigned NOT NULL,
  `ipAddress` char(15) NOT NULL,
  `userAgent` varchar(48) NOT NULL,
  `createdAt` int(10) unsigned NOT NULL
) ENGINE=InnoDB DEFAULT CHARSET=utf8;

-- --------------------------------------------------------

--
-- Estructura de tabla para la tabla `permissions`
--

CREATE TABLE IF NOT EXISTS `permissions` (
  `id` int(10) unsigned NOT NULL,
  `profilesId` int(10) unsigned NOT NULL,
  `resource` varchar(16) NOT NULL,
  `action` varchar(16) NOT NULL
) ENGINE=InnoDB AUTO_INCREMENT=23 DEFAULT CHARSET=utf8;

--
-- Volcado de datos para la tabla `permissions`
--

INSERT INTO `permissions` (`id`, `profilesId`, `resource`, `action`) VALUES
(1, 3, 'users', 'index'),
(2, 3, 'users', 'search'),
(3, 3, 'profiles', 'index'),
(4, 3, 'profiles', 'search'),
(5, 1, 'users', 'index'),
(6, 1, 'users', 'search'),
(7, 1, 'users', 'edit'),
(8, 1, 'users', 'create'),
(9, 1, 'users', 'delete'),
(10, 1, 'users', 'changePassword'),
(11, 1, 'profiles', 'index'),
(12, 1, 'profiles', 'search'),
(13, 1, 'profiles', 'edit'),
(14, 1, 'profiles', 'create'),
(15, 1, 'profiles', 'delete'),
(16, 1, 'permissions', 'index'),
(17, 2, 'users', 'index'),
(18, 2, 'users', 'search'),
(19, 2, 'users', 'edit'),
(20, 2, 'users', 'create'),
(21, 2, 'profiles', 'index'),
(22, 2, 'profiles', 'search');

-- --------------------------------------------------------

--
-- Estructura de tabla para la tabla `personas`
--

CREATE TABLE IF NOT EXISTS `personas` (
  `rut` varchar(40) CHARACTER SET utf8 NOT NULL,
  `apellido_paterno` varchar(40) CHARACTER SET utf8 COLLATE utf8_bin NOT NULL,
  `correo` varchar(40) CHARACTER SET utf8 COLLATE utf8_bin NOT NULL,
  `apellido_materno` varchar(40) CHARACTER SET utf8 COLLATE utf8_bin DEFAULT NULL,
  `nombres` varchar(40) CHARACTER SET utf8 COLLATE utf8_bin NOT NULL,
  `hh_mensuales` int(11) NOT NULL,
  `hh_disponibles` float NOT NULL,
  `hh_porcentaje_disponibles` int(11) NOT NULL DEFAULT '100'
) ENGINE=InnoDB DEFAULT CHARSET=latin1;

--
-- Volcado de datos para la tabla `personas`
--

INSERT INTO `personas` (`rut`, `apellido_paterno`, `correo`, `apellido_materno`, `nombres`, `hh_mensuales`, `hh_disponibles`, `hh_porcentaje_disponibles`) VALUES
('11111111', 'Silva', 'jorge.silva@zentagroup.com', 'Aguilera', 'Jorge', 180, 90, 50),
('180325425', 'San Martín', 'orlando.sanmartin@zentagroup.com', 'Carreño', 'Orlando', 90, 81, 90),
('222222222', 'Cociña', 'jorge.cocina@zentagroup.com', 'Pacheco', 'Jorge', 180, 180, 100),
('333333333', 'Silva', 'sebastian.silva@zentagroup.com', 'Carrasco', 'Sebastián', 180, 180, 100);

-- --------------------------------------------------------

--
-- Estructura de tabla para la tabla `persona_proyecto`
--

CREATE TABLE IF NOT EXISTS `persona_proyecto` (
  `prsn_proy_id` int(11) NOT NULL,
  `rut` varchar(40) CHARACTER SET utf8 NOT NULL,
  `proy_id` int(11) NOT NULL,
  `activo` int(11) NOT NULL DEFAULT '1'
) ENGINE=InnoDB AUTO_INCREMENT=4 DEFAULT CHARSET=latin1;

--
-- Volcado de datos para la tabla `persona_proyecto`
--

INSERT INTO `persona_proyecto` (`prsn_proy_id`, `rut`, `proy_id`, `activo`) VALUES
(1, '180325425', 3, 1),
(2, '180325425', 1, 1),
(3, '222222222', 1, 1);

-- --------------------------------------------------------

--
-- Estructura de tabla para la tabla `persona_semana`
--

CREATE TABLE IF NOT EXISTS `persona_semana` (
  `prsn_smna_id` int(11) NOT NULL,
  `rut` varchar(40) CHARACTER SET utf8 NOT NULL,
  `area_id` int(11) NOT NULL,
  `fecha_inicio_semana` date NOT NULL,
  `hh_total_asignadas` float NOT NULL,
  `hh_total_porcentaje_asignadas` int(11) NOT NULL
) ENGINE=InnoDB AUTO_INCREMENT=2 DEFAULT CHARSET=latin1;

--
-- Volcado de datos para la tabla `persona_semana`
--

INSERT INTO `persona_semana` (`prsn_smna_id`, `rut`, `area_id`, `fecha_inicio_semana`, `hh_total_asignadas`, `hh_total_porcentaje_asignadas`) VALUES
(1, '180325425', 0, '2016-06-06', 0, 100);

-- --------------------------------------------------------

--
-- Estructura de tabla para la tabla `profiles`
--

CREATE TABLE IF NOT EXISTS `profiles` (
  `id` int(10) unsigned NOT NULL,
  `name` varchar(64) NOT NULL,
  `active` char(1) NOT NULL
) ENGINE=InnoDB AUTO_INCREMENT=4 DEFAULT CHARSET=utf8;

--
-- Volcado de datos para la tabla `profiles`
--

INSERT INTO `profiles` (`id`, `name`, `active`) VALUES
(1, 'Administrators', 'Y'),
(2, 'Users', 'Y'),
(3, 'Read-Only', 'Y');

-- --------------------------------------------------------

--
-- Estructura de tabla para la tabla `proyecto`
--

CREATE TABLE IF NOT EXISTS `proyecto` (
  `proy_id` int(11) NOT NULL,
  `blsa_id` int(11) NOT NULL,
  `proy_nombre` varchar(80) NOT NULL,
  `hh_totales` int(11) NOT NULL,
  `hh_actuales` int(11) NOT NULL,
  `proy_color` varchar(100) NOT NULL DEFAULT 'night',
  `proy_activo` tinyint(1) NOT NULL DEFAULT '0'
) ENGINE=InnoDB AUTO_INCREMENT=6 DEFAULT CHARSET=latin1;

--
-- Volcado de datos para la tabla `proyecto`
--

INSERT INTO `proyecto` (`proy_id`, `blsa_id`, `proy_nombre`, `hh_totales`, `hh_actuales`, `proy_color`, `proy_activo`) VALUES
(0, 4, 'En espera', 630, 630, 'default', 0),
(1, 1, 'Intrazenta', 180, 180, 'fancy', 1),
(2, 2, 'Bicorp', 50, 50, 'modern', 1),
(3, 2, 'Imannova', 270, 270, 'autumn', 1),
(4, 2, 'Tramicar', 180, 180, 'fire', 1),
(5, 4, 'Zmed', 90, 90, 'spring', 1);

-- --------------------------------------------------------

--
-- Estructura de tabla para la tabla `proyecto_persona_semana`
--

CREATE TABLE IF NOT EXISTS `proyecto_persona_semana` (
  `proy_ps_id` int(11) NOT NULL,
  `prsn_smna_id` int(11) NOT NULL,
  `proy_id` int(11) NOT NULL,
  `hh_porcentaje_asignadas` int(11) NOT NULL
) ENGINE=InnoDB AUTO_INCREMENT=3 DEFAULT CHARSET=latin1;

--
-- Volcado de datos para la tabla `proyecto_persona_semana`
--

INSERT INTO `proyecto_persona_semana` (`proy_ps_id`, `prsn_smna_id`, `proy_id`, `hh_porcentaje_asignadas`) VALUES
(1, 1, 3, 50),
(2, 1, 1, 50);

-- --------------------------------------------------------

--
-- Estructura de tabla para la tabla `remember_tokens`
--

CREATE TABLE IF NOT EXISTS `remember_tokens` (
  `id` int(10) unsigned NOT NULL,
  `usersId` int(10) unsigned NOT NULL,
  `token` char(32) NOT NULL,
  `userAgent` varchar(120) NOT NULL,
  `createdAt` int(10) unsigned NOT NULL
) ENGINE=InnoDB AUTO_INCREMENT=201 DEFAULT CHARSET=utf8;

--
-- Volcado de datos para la tabla `remember_tokens`
--

INSERT INTO `remember_tokens` (`id`, `usersId`, `token`, `userAgent`, `createdAt`) VALUES
(1, 1, 'fbbbc0e93082884e3ed18500a1a4850e', 'Mozilla/5.0 (Windows NT 6.1; WOW64) AppleWebKit/537.36 (KHTML, like Gecko) Chrome/47.0.2526.111 Safari/537.36', 1453614990),
(2, 1, 'fbbbc0e93082884e3ed18500a1a4850e', 'Mozilla/5.0 (Windows NT 6.1; WOW64) AppleWebKit/537.36 (KHTML, like Gecko) Chrome/47.0.2526.111 Safari/537.36', 1453616148),
(3, 1, 'fbbbc0e93082884e3ed18500a1a4850e', 'Mozilla/5.0 (Windows NT 6.1; WOW64) AppleWebKit/537.36 (KHTML, like Gecko) Chrome/47.0.2526.111 Safari/537.36', 1453618193),
(4, 1, 'fbbbc0e93082884e3ed18500a1a4850e', 'Mozilla/5.0 (Windows NT 6.1; WOW64) AppleWebKit/537.36 (KHTML, like Gecko) Chrome/47.0.2526.111 Safari/537.36', 1453618213),
(5, 1, 'fbbbc0e93082884e3ed18500a1a4850e', 'Mozilla/5.0 (Windows NT 6.1; WOW64) AppleWebKit/537.36 (KHTML, like Gecko) Chrome/47.0.2526.111 Safari/537.36', 1453618324),
(6, 1, 'fbbbc0e93082884e3ed18500a1a4850e', 'Mozilla/5.0 (Windows NT 6.1; WOW64) AppleWebKit/537.36 (KHTML, like Gecko) Chrome/47.0.2526.111 Safari/537.36', 1453618337),
(7, 1, 'fbbbc0e93082884e3ed18500a1a4850e', 'Mozilla/5.0 (Windows NT 6.1; WOW64) AppleWebKit/537.36 (KHTML, like Gecko) Chrome/47.0.2526.111 Safari/537.36', 1453618369),
(8, 1, 'fbbbc0e93082884e3ed18500a1a4850e', 'Mozilla/5.0 (Windows NT 6.1; WOW64) AppleWebKit/537.36 (KHTML, like Gecko) Chrome/47.0.2526.111 Safari/537.36', 1453618486),
(9, 1, 'fbbbc0e93082884e3ed18500a1a4850e', 'Mozilla/5.0 (Windows NT 6.1; WOW64) AppleWebKit/537.36 (KHTML, like Gecko) Chrome/47.0.2526.111 Safari/537.36', 1453618855),
(10, 1, 'fbbbc0e93082884e3ed18500a1a4850e', 'Mozilla/5.0 (Windows NT 6.1; WOW64) AppleWebKit/537.36 (KHTML, like Gecko) Chrome/47.0.2526.111 Safari/537.36', 1453618901),
(11, 1, 'fbbbc0e93082884e3ed18500a1a4850e', 'Mozilla/5.0 (Windows NT 6.1; WOW64) AppleWebKit/537.36 (KHTML, like Gecko) Chrome/47.0.2526.111 Safari/537.36', 1453618917),
(12, 1, 'fbbbc0e93082884e3ed18500a1a4850e', 'Mozilla/5.0 (Windows NT 6.1; WOW64) AppleWebKit/537.36 (KHTML, like Gecko) Chrome/47.0.2526.111 Safari/537.36', 1453619093),
(13, 1, 'fbbbc0e93082884e3ed18500a1a4850e', 'Mozilla/5.0 (Windows NT 6.1; WOW64) AppleWebKit/537.36 (KHTML, like Gecko) Chrome/47.0.2526.111 Safari/537.36', 1453619324),
(14, 1, 'fbbbc0e93082884e3ed18500a1a4850e', 'Mozilla/5.0 (Windows NT 6.1; WOW64) AppleWebKit/537.36 (KHTML, like Gecko) Chrome/47.0.2526.111 Safari/537.36', 1453694699),
(15, 1, 'a6c5105f52c8192a42f66cd6cc108539', 'Mozilla/5.0 (Windows NT 6.1; WOW64) AppleWebKit/537.36 (KHTML, like Gecko) Chrome/48.0.2564.97 Safari/537.36', 1454362976),
(16, 1, 'a6c5105f52c8192a42f66cd6cc108539', 'Mozilla/5.0 (Windows NT 6.1; WOW64) AppleWebKit/537.36 (KHTML, like Gecko) Chrome/48.0.2564.97 Safari/537.36', 1454526906),
(17, 2, '263ff0b67a8c3730d768ed61dc6a1214', 'Mozilla/5.0 (Windows NT 6.1; WOW64) AppleWebKit/537.36 (KHTML, like Gecko) Chrome/48.0.2564.97 Safari/537.36', 1454527077),
(18, 2, '263ff0b67a8c3730d768ed61dc6a1214', 'Mozilla/5.0 (Windows NT 6.1; WOW64) AppleWebKit/537.36 (KHTML, like Gecko) Chrome/48.0.2564.97 Safari/537.36', 1454527104),
(19, 4, '1e807a9809c39232a739b0cb19d237ed', 'Mozilla/5.0 (Windows NT 6.1; WOW64) AppleWebKit/537.36 (KHTML, like Gecko) Chrome/48.0.2564.97 Safari/537.36', 1454527342),
(20, 4, '1e807a9809c39232a739b0cb19d237ed', 'Mozilla/5.0 (Windows NT 6.1; WOW64) AppleWebKit/537.36 (KHTML, like Gecko) Chrome/48.0.2564.97 Safari/537.36', 1454530085),
(21, 4, '1e807a9809c39232a739b0cb19d237ed', 'Mozilla/5.0 (Windows NT 6.1; WOW64) AppleWebKit/537.36 (KHTML, like Gecko) Chrome/48.0.2564.97 Safari/537.36', 1454530486),
(22, 1, '61a64a2b2b271cdbc2d0ff8a522a7ac8', 'Mozilla/5.0 (Windows NT 6.1; WOW64) AppleWebKit/537.36 (KHTML, like Gecko) Chrome/48.0.2564.103 Safari/537.36', 1455033865),
(23, 1, '61a64a2b2b271cdbc2d0ff8a522a7ac8', 'Mozilla/5.0 (Windows NT 6.1; WOW64) AppleWebKit/537.36 (KHTML, like Gecko) Chrome/48.0.2564.103 Safari/537.36', 1455033918),
(24, 1, '3f5f7e2b3497b18805a5e9f21c51ef4c', 'Mozilla/5.0 (Windows NT 6.1; WOW64) AppleWebKit/537.36 (KHTML, like Gecko) Chrome/48.0.2564.109 Safari/537.36', 1455286992),
(25, 1, '3f5f7e2b3497b18805a5e9f21c51ef4c', 'Mozilla/5.0 (Windows NT 6.1; WOW64) AppleWebKit/537.36 (KHTML, like Gecko) Chrome/48.0.2564.109 Safari/537.36', 1455290686),
(26, 1, '3f5f7e2b3497b18805a5e9f21c51ef4c', 'Mozilla/5.0 (Windows NT 6.1; WOW64) AppleWebKit/537.36 (KHTML, like Gecko) Chrome/48.0.2564.109 Safari/537.36', 1455291180),
(27, 1, '3f5f7e2b3497b18805a5e9f21c51ef4c', 'Mozilla/5.0 (Windows NT 6.1; WOW64) AppleWebKit/537.36 (KHTML, like Gecko) Chrome/48.0.2564.109 Safari/537.36', 1455291255),
(28, 1, '3f5f7e2b3497b18805a5e9f21c51ef4c', 'Mozilla/5.0 (Windows NT 6.1; WOW64) AppleWebKit/537.36 (KHTML, like Gecko) Chrome/48.0.2564.109 Safari/537.36', 1455291406),
(29, 1, '3f5f7e2b3497b18805a5e9f21c51ef4c', 'Mozilla/5.0 (Windows NT 6.1; WOW64) AppleWebKit/537.36 (KHTML, like Gecko) Chrome/48.0.2564.109 Safari/537.36', 1455291424),
(30, 1, '3f5f7e2b3497b18805a5e9f21c51ef4c', 'Mozilla/5.0 (Windows NT 6.1; WOW64) AppleWebKit/537.36 (KHTML, like Gecko) Chrome/48.0.2564.109 Safari/537.36', 1455292342),
(31, 1, '3f5f7e2b3497b18805a5e9f21c51ef4c', 'Mozilla/5.0 (Windows NT 6.1; WOW64) AppleWebKit/537.36 (KHTML, like Gecko) Chrome/48.0.2564.109 Safari/537.36', 1455292398),
(32, 1, '3f5f7e2b3497b18805a5e9f21c51ef4c', 'Mozilla/5.0 (Windows NT 6.1; WOW64) AppleWebKit/537.36 (KHTML, like Gecko) Chrome/48.0.2564.109 Safari/537.36', 1455292469),
(33, 1, '3f5f7e2b3497b18805a5e9f21c51ef4c', 'Mozilla/5.0 (Windows NT 6.1; WOW64) AppleWebKit/537.36 (KHTML, like Gecko) Chrome/48.0.2564.109 Safari/537.36', 1455292504),
(34, 1, '3f5f7e2b3497b18805a5e9f21c51ef4c', 'Mozilla/5.0 (Windows NT 6.1; WOW64) AppleWebKit/537.36 (KHTML, like Gecko) Chrome/48.0.2564.109 Safari/537.36', 1455293297),
(35, 1, '3f5f7e2b3497b18805a5e9f21c51ef4c', 'Mozilla/5.0 (Windows NT 6.1; WOW64) AppleWebKit/537.36 (KHTML, like Gecko) Chrome/48.0.2564.109 Safari/537.36', 1455293323),
(36, 1, '3f5f7e2b3497b18805a5e9f21c51ef4c', 'Mozilla/5.0 (Windows NT 6.1; WOW64) AppleWebKit/537.36 (KHTML, like Gecko) Chrome/48.0.2564.109 Safari/537.36', 1455311409),
(37, 1, '3f5f7e2b3497b18805a5e9f21c51ef4c', 'Mozilla/5.0 (Windows NT 6.1; WOW64) AppleWebKit/537.36 (KHTML, like Gecko) Chrome/48.0.2564.109 Safari/537.36', 1455311610),
(38, 1, '3f5f7e2b3497b18805a5e9f21c51ef4c', 'Mozilla/5.0 (Windows NT 6.1; WOW64) AppleWebKit/537.36 (KHTML, like Gecko) Chrome/48.0.2564.109 Safari/537.36', 1455313819),
(39, 1, '3f5f7e2b3497b18805a5e9f21c51ef4c', 'Mozilla/5.0 (Windows NT 6.1; WOW64) AppleWebKit/537.36 (KHTML, like Gecko) Chrome/48.0.2564.109 Safari/537.36', 1455313860),
(40, 1, '3f5f7e2b3497b18805a5e9f21c51ef4c', 'Mozilla/5.0 (Windows NT 6.1; WOW64) AppleWebKit/537.36 (KHTML, like Gecko) Chrome/48.0.2564.109 Safari/537.36', 1455389470),
(41, 1, '3f5f7e2b3497b18805a5e9f21c51ef4c', 'Mozilla/5.0 (Windows NT 6.1; WOW64) AppleWebKit/537.36 (KHTML, like Gecko) Chrome/48.0.2564.109 Safari/537.36', 1455390306),
(42, 1, '3f5f7e2b3497b18805a5e9f21c51ef4c', 'Mozilla/5.0 (Windows NT 6.1; WOW64) AppleWebKit/537.36 (KHTML, like Gecko) Chrome/48.0.2564.109 Safari/537.36', 1455390368),
(43, 1, '3f5f7e2b3497b18805a5e9f21c51ef4c', 'Mozilla/5.0 (Windows NT 6.1; WOW64) AppleWebKit/537.36 (KHTML, like Gecko) Chrome/48.0.2564.109 Safari/537.36', 1455390396),
(44, 1, '3f5f7e2b3497b18805a5e9f21c51ef4c', 'Mozilla/5.0 (Windows NT 6.1; WOW64) AppleWebKit/537.36 (KHTML, like Gecko) Chrome/48.0.2564.109 Safari/537.36', 1455390421),
(45, 1, '3f5f7e2b3497b18805a5e9f21c51ef4c', 'Mozilla/5.0 (Windows NT 6.1; WOW64) AppleWebKit/537.36 (KHTML, like Gecko) Chrome/48.0.2564.109 Safari/537.36', 1455390450),
(46, 1, '3f5f7e2b3497b18805a5e9f21c51ef4c', 'Mozilla/5.0 (Windows NT 6.1; WOW64) AppleWebKit/537.36 (KHTML, like Gecko) Chrome/48.0.2564.109 Safari/537.36', 1455390516),
(47, 1, '3f5f7e2b3497b18805a5e9f21c51ef4c', 'Mozilla/5.0 (Windows NT 6.1; WOW64) AppleWebKit/537.36 (KHTML, like Gecko) Chrome/48.0.2564.109 Safari/537.36', 1455390656),
(48, 1, '3f5f7e2b3497b18805a5e9f21c51ef4c', 'Mozilla/5.0 (Windows NT 6.1; WOW64) AppleWebKit/537.36 (KHTML, like Gecko) Chrome/48.0.2564.109 Safari/537.36', 1455390680),
(49, 1, '3f5f7e2b3497b18805a5e9f21c51ef4c', 'Mozilla/5.0 (Windows NT 6.1; WOW64) AppleWebKit/537.36 (KHTML, like Gecko) Chrome/48.0.2564.109 Safari/537.36', 1455390828),
(50, 1, '3f5f7e2b3497b18805a5e9f21c51ef4c', 'Mozilla/5.0 (Windows NT 6.1; WOW64) AppleWebKit/537.36 (KHTML, like Gecko) Chrome/48.0.2564.109 Safari/537.36', 1455390873),
(51, 1, '3f5f7e2b3497b18805a5e9f21c51ef4c', 'Mozilla/5.0 (Windows NT 6.1; WOW64) AppleWebKit/537.36 (KHTML, like Gecko) Chrome/48.0.2564.109 Safari/537.36', 1455390905),
(52, 1, '3f5f7e2b3497b18805a5e9f21c51ef4c', 'Mozilla/5.0 (Windows NT 6.1; WOW64) AppleWebKit/537.36 (KHTML, like Gecko) Chrome/48.0.2564.109 Safari/537.36', 1455391028),
(53, 1, '3f5f7e2b3497b18805a5e9f21c51ef4c', 'Mozilla/5.0 (Windows NT 6.1; WOW64) AppleWebKit/537.36 (KHTML, like Gecko) Chrome/48.0.2564.109 Safari/537.36', 1455391081),
(54, 1, '3f5f7e2b3497b18805a5e9f21c51ef4c', 'Mozilla/5.0 (Windows NT 6.1; WOW64) AppleWebKit/537.36 (KHTML, like Gecko) Chrome/48.0.2564.109 Safari/537.36', 1455391239),
(55, 1, '3f5f7e2b3497b18805a5e9f21c51ef4c', 'Mozilla/5.0 (Windows NT 6.1; WOW64) AppleWebKit/537.36 (KHTML, like Gecko) Chrome/48.0.2564.109 Safari/537.36', 1455391439),
(56, 1, '3f5f7e2b3497b18805a5e9f21c51ef4c', 'Mozilla/5.0 (Windows NT 6.1; WOW64) AppleWebKit/537.36 (KHTML, like Gecko) Chrome/48.0.2564.109 Safari/537.36', 1455391496),
(57, 1, '3f5f7e2b3497b18805a5e9f21c51ef4c', 'Mozilla/5.0 (Windows NT 6.1; WOW64) AppleWebKit/537.36 (KHTML, like Gecko) Chrome/48.0.2564.109 Safari/537.36', 1455396080),
(58, 1, '3f5f7e2b3497b18805a5e9f21c51ef4c', 'Mozilla/5.0 (Windows NT 6.1; WOW64) AppleWebKit/537.36 (KHTML, like Gecko) Chrome/48.0.2564.109 Safari/537.36', 1455462088),
(59, 1, '3f5f7e2b3497b18805a5e9f21c51ef4c', 'Mozilla/5.0 (Windows NT 6.1; WOW64) AppleWebKit/537.36 (KHTML, like Gecko) Chrome/48.0.2564.109 Safari/537.36', 1455462160),
(60, 1, '3f5f7e2b3497b18805a5e9f21c51ef4c', 'Mozilla/5.0 (Windows NT 6.1; WOW64) AppleWebKit/537.36 (KHTML, like Gecko) Chrome/48.0.2564.109 Safari/537.36', 1455462229),
(61, 1, '3f5f7e2b3497b18805a5e9f21c51ef4c', 'Mozilla/5.0 (Windows NT 6.1; WOW64) AppleWebKit/537.36 (KHTML, like Gecko) Chrome/48.0.2564.109 Safari/537.36', 1455462278),
(62, 1, '3f5f7e2b3497b18805a5e9f21c51ef4c', 'Mozilla/5.0 (Windows NT 6.1; WOW64) AppleWebKit/537.36 (KHTML, like Gecko) Chrome/48.0.2564.109 Safari/537.36', 1455464601),
(63, 1, '2d62bdc440757f329ba9f2286cc9bdd0', 'Mozilla/5.0 (Windows NT 6.1; WOW64; Trident/7.0; rv:11.0) like Gecko', 1455464671),
(64, 1, '3f5f7e2b3497b18805a5e9f21c51ef4c', 'Mozilla/5.0 (Windows NT 6.1; WOW64) AppleWebKit/537.36 (KHTML, like Gecko) Chrome/48.0.2564.109 Safari/537.36', 1455466410),
(65, 1, '3f5f7e2b3497b18805a5e9f21c51ef4c', 'Mozilla/5.0 (Windows NT 6.1; WOW64) AppleWebKit/537.36 (KHTML, like Gecko) Chrome/48.0.2564.109 Safari/537.36', 1455467106),
(66, 1, '3f5f7e2b3497b18805a5e9f21c51ef4c', 'Mozilla/5.0 (Windows NT 6.1; WOW64) AppleWebKit/537.36 (KHTML, like Gecko) Chrome/48.0.2564.109 Safari/537.36', 1455468912),
(67, 1, '2d62bdc440757f329ba9f2286cc9bdd0', 'Mozilla/5.0 (Windows NT 6.1; WOW64; Trident/7.0; rv:11.0) like Gecko', 1455470127),
(68, 1, '3f5f7e2b3497b18805a5e9f21c51ef4c', 'Mozilla/5.0 (Windows NT 6.1; WOW64) AppleWebKit/537.36 (KHTML, like Gecko) Chrome/48.0.2564.109 Safari/537.36', 1455476783),
(69, 1, '3f5f7e2b3497b18805a5e9f21c51ef4c', 'Mozilla/5.0 (Windows NT 6.1; WOW64) AppleWebKit/537.36 (KHTML, like Gecko) Chrome/48.0.2564.109 Safari/537.36', 1455559263),
(70, 1, '3f5f7e2b3497b18805a5e9f21c51ef4c', 'Mozilla/5.0 (Windows NT 6.1; WOW64) AppleWebKit/537.36 (KHTML, like Gecko) Chrome/48.0.2564.109 Safari/537.36', 1455576308),
(71, 1, '3f5f7e2b3497b18805a5e9f21c51ef4c', 'Mozilla/5.0 (Windows NT 6.1; WOW64) AppleWebKit/537.36 (KHTML, like Gecko) Chrome/48.0.2564.109 Safari/537.36', 1455576409),
(72, 1, '3f5f7e2b3497b18805a5e9f21c51ef4c', 'Mozilla/5.0 (Windows NT 6.1; WOW64) AppleWebKit/537.36 (KHTML, like Gecko) Chrome/48.0.2564.109 Safari/537.36', 1455635144),
(73, 1, '3f5f7e2b3497b18805a5e9f21c51ef4c', 'Mozilla/5.0 (Windows NT 6.1; WOW64) AppleWebKit/537.36 (KHTML, like Gecko) Chrome/48.0.2564.109 Safari/537.36', 1455653037),
(74, 1, '3f5f7e2b3497b18805a5e9f21c51ef4c', 'Mozilla/5.0 (Windows NT 6.1; WOW64) AppleWebKit/537.36 (KHTML, like Gecko) Chrome/48.0.2564.109 Safari/537.36', 1455653098),
(75, 1, '3f5f7e2b3497b18805a5e9f21c51ef4c', 'Mozilla/5.0 (Windows NT 6.1; WOW64) AppleWebKit/537.36 (KHTML, like Gecko) Chrome/48.0.2564.109 Safari/537.36', 1455653162),
(76, 1, '3f5f7e2b3497b18805a5e9f21c51ef4c', 'Mozilla/5.0 (Windows NT 6.1; WOW64) AppleWebKit/537.36 (KHTML, like Gecko) Chrome/48.0.2564.109 Safari/537.36', 1455720968),
(77, 1, '3f5f7e2b3497b18805a5e9f21c51ef4c', 'Mozilla/5.0 (Windows NT 6.1; WOW64) AppleWebKit/537.36 (KHTML, like Gecko) Chrome/48.0.2564.109 Safari/537.36', 1455721957),
(78, 1, '3f5f7e2b3497b18805a5e9f21c51ef4c', 'Mozilla/5.0 (Windows NT 6.1; WOW64) AppleWebKit/537.36 (KHTML, like Gecko) Chrome/48.0.2564.109 Safari/537.36', 1455731028),
(79, 1, '3f5f7e2b3497b18805a5e9f21c51ef4c', 'Mozilla/5.0 (Windows NT 6.1; WOW64) AppleWebKit/537.36 (KHTML, like Gecko) Chrome/48.0.2564.109 Safari/537.36', 1455744726),
(80, 1, '3f5f7e2b3497b18805a5e9f21c51ef4c', 'Mozilla/5.0 (Windows NT 6.1; WOW64) AppleWebKit/537.36 (KHTML, like Gecko) Chrome/48.0.2564.109 Safari/537.36', 1455802982),
(81, 1, '3f5f7e2b3497b18805a5e9f21c51ef4c', 'Mozilla/5.0 (Windows NT 6.1; WOW64) AppleWebKit/537.36 (KHTML, like Gecko) Chrome/48.0.2564.109 Safari/537.36', 1455819486),
(82, 1, '3f5f7e2b3497b18805a5e9f21c51ef4c', 'Mozilla/5.0 (Windows NT 6.1; WOW64) AppleWebKit/537.36 (KHTML, like Gecko) Chrome/48.0.2564.109 Safari/537.36', 1455819552),
(83, 1, '3fe840c3e76a11f5f7075006a26fc892', 'Mozilla/5.0 (Windows NT 6.1; WOW64) AppleWebKit/537.36 (KHTML, like Gecko) Chrome/48.0.2564.116 Safari/537.36', 1457791213),
(84, 1, '3fe840c3e76a11f5f7075006a26fc892', 'Mozilla/5.0 (Windows NT 6.1; WOW64) AppleWebKit/537.36 (KHTML, like Gecko) Chrome/48.0.2564.116 Safari/537.36', 1457791253),
(85, 1, 'b3d9d7e680fc0c7a6aee8c66abd5b0df', 'Mozilla/5.0 (Windows NT 6.1; WOW64) AppleWebKit/537.36 (KHTML, like Gecko) Chrome/49.0.2623.110 Safari/537.36', 1459870069),
(86, 1, 'b3d9d7e680fc0c7a6aee8c66abd5b0df', 'Mozilla/5.0 (Windows NT 6.1; WOW64) AppleWebKit/537.36 (KHTML, like Gecko) Chrome/49.0.2623.110 Safari/537.36', 1459870286),
(87, 1, 'b3d9d7e680fc0c7a6aee8c66abd5b0df', 'Mozilla/5.0 (Windows NT 6.1; WOW64) AppleWebKit/537.36 (KHTML, like Gecko) Chrome/49.0.2623.110 Safari/537.36', 1459870368),
(88, 1, 'b3d9d7e680fc0c7a6aee8c66abd5b0df', 'Mozilla/5.0 (Windows NT 6.1; WOW64) AppleWebKit/537.36 (KHTML, like Gecko) Chrome/49.0.2623.110 Safari/537.36', 1459870712),
(89, 1, 'b3d9d7e680fc0c7a6aee8c66abd5b0df', 'Mozilla/5.0 (Windows NT 6.1; WOW64) AppleWebKit/537.36 (KHTML, like Gecko) Chrome/49.0.2623.110 Safari/537.36', 1459872852),
(90, 1, 'b3d9d7e680fc0c7a6aee8c66abd5b0df', 'Mozilla/5.0 (Windows NT 6.1; WOW64) AppleWebKit/537.36 (KHTML, like Gecko) Chrome/49.0.2623.110 Safari/537.36', 1459883233),
(91, 1, 'b3d9d7e680fc0c7a6aee8c66abd5b0df', 'Mozilla/5.0 (Windows NT 6.1; WOW64) AppleWebKit/537.36 (KHTML, like Gecko) Chrome/49.0.2623.110 Safari/537.36', 1459904085),
(92, 1, 'b3d9d7e680fc0c7a6aee8c66abd5b0df', 'Mozilla/5.0 (Windows NT 6.1; WOW64) AppleWebKit/537.36 (KHTML, like Gecko) Chrome/49.0.2623.110 Safari/537.36', 1459953697),
(93, 3, '48d0ccf1d8acc29579e220e4beac1761', 'Mozilla/5.0 (Windows NT 6.1; WOW64) AppleWebKit/537.36 (KHTML, like Gecko) Chrome/49.0.2623.110 Safari/537.36', 1459961620),
(94, 4, '74901898b4d4509cb736f3a4486670f4', 'Mozilla/5.0 (Windows NT 6.1; WOW64) AppleWebKit/537.36 (KHTML, like Gecko) Chrome/49.0.2623.110 Safari/537.36', 1459961693),
(95, 1, '67270b9ee0d9e37bd39bc8a974bef8ff', 'Mozilla/5.0 (Windows NT 6.1; WOW64) AppleWebKit/537.36 (KHTML, like Gecko) Chrome/49.0.2623.112 Safari/537.36', 1460735636),
(96, 1, '67270b9ee0d9e37bd39bc8a974bef8ff', 'Mozilla/5.0 (Windows NT 6.1; WOW64) AppleWebKit/537.36 (KHTML, like Gecko) Chrome/49.0.2623.112 Safari/537.36', 1460738953),
(97, 1, '67270b9ee0d9e37bd39bc8a974bef8ff', 'Mozilla/5.0 (Windows NT 6.1; WOW64) AppleWebKit/537.36 (KHTML, like Gecko) Chrome/49.0.2623.112 Safari/537.36', 1460753698),
(98, 3, '28065f3e12b981cb3a0cecd0d8cbe183', 'Mozilla/5.0 (Windows NT 6.1; WOW64) AppleWebKit/537.36 (KHTML, like Gecko) Chrome/49.0.2623.112 Safari/537.36', 1460765491),
(99, 3, '28065f3e12b981cb3a0cecd0d8cbe183', 'Mozilla/5.0 (Windows NT 6.1; WOW64) AppleWebKit/537.36 (KHTML, like Gecko) Chrome/49.0.2623.112 Safari/537.36', 1460765513),
(100, 1, '67270b9ee0d9e37bd39bc8a974bef8ff', 'Mozilla/5.0 (Windows NT 6.1; WOW64) AppleWebKit/537.36 (KHTML, like Gecko) Chrome/49.0.2623.112 Safari/537.36', 1460777900),
(101, 1, '67270b9ee0d9e37bd39bc8a974bef8ff', 'Mozilla/5.0 (Windows NT 6.1; WOW64) AppleWebKit/537.36 (KHTML, like Gecko) Chrome/49.0.2623.112 Safari/537.36', 1460780423),
(102, 1, '67270b9ee0d9e37bd39bc8a974bef8ff', 'Mozilla/5.0 (Windows NT 6.1; WOW64) AppleWebKit/537.36 (KHTML, like Gecko) Chrome/49.0.2623.112 Safari/537.36', 1460780619),
(103, 1, '67270b9ee0d9e37bd39bc8a974bef8ff', 'Mozilla/5.0 (Windows NT 6.1; WOW64) AppleWebKit/537.36 (KHTML, like Gecko) Chrome/49.0.2623.112 Safari/537.36', 1460782843),
(104, 1, '67270b9ee0d9e37bd39bc8a974bef8ff', 'Mozilla/5.0 (Windows NT 6.1; WOW64) AppleWebKit/537.36 (KHTML, like Gecko) Chrome/49.0.2623.112 Safari/537.36', 1460783151),
(105, 1, '67270b9ee0d9e37bd39bc8a974bef8ff', 'Mozilla/5.0 (Windows NT 6.1; WOW64) AppleWebKit/537.36 (KHTML, like Gecko) Chrome/49.0.2623.112 Safari/537.36', 1460783173),
(106, 1, '67270b9ee0d9e37bd39bc8a974bef8ff', 'Mozilla/5.0 (Windows NT 6.1; WOW64) AppleWebKit/537.36 (KHTML, like Gecko) Chrome/49.0.2623.112 Safari/537.36', 1460783284),
(107, 1, '67270b9ee0d9e37bd39bc8a974bef8ff', 'Mozilla/5.0 (Windows NT 6.1; WOW64) AppleWebKit/537.36 (KHTML, like Gecko) Chrome/49.0.2623.112 Safari/537.36', 1460783302),
(108, 1, '67270b9ee0d9e37bd39bc8a974bef8ff', 'Mozilla/5.0 (Windows NT 6.1; WOW64) AppleWebKit/537.36 (KHTML, like Gecko) Chrome/49.0.2623.112 Safari/537.36', 1460783353),
(109, 1, '67270b9ee0d9e37bd39bc8a974bef8ff', 'Mozilla/5.0 (Windows NT 6.1; WOW64) AppleWebKit/537.36 (KHTML, like Gecko) Chrome/49.0.2623.112 Safari/537.36', 1460783385),
(110, 1, '67270b9ee0d9e37bd39bc8a974bef8ff', 'Mozilla/5.0 (Windows NT 6.1; WOW64) AppleWebKit/537.36 (KHTML, like Gecko) Chrome/49.0.2623.112 Safari/537.36', 1460783413),
(111, 1, '67270b9ee0d9e37bd39bc8a974bef8ff', 'Mozilla/5.0 (Windows NT 6.1; WOW64) AppleWebKit/537.36 (KHTML, like Gecko) Chrome/49.0.2623.112 Safari/537.36', 1460783898),
(112, 1, '22cfb5cb3b09d20be1662216b80e9f25', 'Mozilla/5.0 (Windows NT 6.1; WOW64) AppleWebKit/537.36 (KHTML, like Gecko) Chrome/49.0.2623.112 Safari/537.36', 1460783911),
(113, 1, '22cfb5cb3b09d20be1662216b80e9f25', 'Mozilla/5.0 (Windows NT 6.1; WOW64) AppleWebKit/537.36 (KHTML, like Gecko) Chrome/49.0.2623.112 Safari/537.36', 1460789210),
(114, 1, '22cfb5cb3b09d20be1662216b80e9f25', 'Mozilla/5.0 (Windows NT 6.1; WOW64) AppleWebKit/537.36 (KHTML, like Gecko) Chrome/49.0.2623.112 Safari/537.36', 1460825233),
(115, 1, '22cfb5cb3b09d20be1662216b80e9f25', 'Mozilla/5.0 (Windows NT 6.1; WOW64) AppleWebKit/537.36 (KHTML, like Gecko) Chrome/49.0.2623.112 Safari/537.36', 1460825261),
(116, 1, 'c521bf2c1fee353d135cdf4c179075ed', 'Mozilla/5.0 (Windows NT 6.1; WOW64) AppleWebKit/537.36 (KHTML, like Gecko) Chrome/49.0.2623.112 Safari/537.36', 1460825383),
(117, 1, 'c521bf2c1fee353d135cdf4c179075ed', 'Mozilla/5.0 (Windows NT 6.1; WOW64) AppleWebKit/537.36 (KHTML, like Gecko) Chrome/49.0.2623.112 Safari/537.36', 1460825476),
(118, 1, '602f924d5a6927ed2c1e3119adc0a860', 'Mozilla/5.0 (Windows NT 6.1; WOW64) AppleWebKit/537.36 (KHTML, like Gecko) Chrome/49.0.2623.112 Safari/537.36', 1460825507),
(119, 11, '0164a401b9af5c5d57ae101b31c8fb0a', 'Mozilla/5.0 (Windows NT 6.1; WOW64) AppleWebKit/537.36 (KHTML, like Gecko) Chrome/49.0.2623.112 Safari/537.36', 1460825954),
(120, 12, '20f963c040ce4a54f9120d137527d2c7', 'Mozilla/5.0 (Windows NT 6.1; WOW64) AppleWebKit/537.36 (KHTML, like Gecko) Chrome/49.0.2623.112 Safari/537.36', 1460826005),
(121, 12, 'a2d9404373248dde8e12d3db6b02d830', 'Mozilla/5.0 (Windows NT 6.1; WOW64) AppleWebKit/537.36 (KHTML, like Gecko) Chrome/49.0.2623.112 Safari/537.36', 1460826026),
(122, 13, 'ef3c3602971e8664372e70eb998f4faf', 'Mozilla/5.0 (Windows NT 6.1; WOW64) AppleWebKit/537.36 (KHTML, like Gecko) Chrome/49.0.2623.112 Safari/537.36', 1460826068),
(123, 13, 'ef3c3602971e8664372e70eb998f4faf', 'Mozilla/5.0 (Windows NT 6.1; WOW64) AppleWebKit/537.36 (KHTML, like Gecko) Chrome/49.0.2623.112 Safari/537.36', 1460826084),
(124, 13, 'db3061d641065255562c9f43adde176a', 'Mozilla/5.0 (Windows NT 6.1; WOW64) AppleWebKit/537.36 (KHTML, like Gecko) Chrome/49.0.2623.112 Safari/537.36', 1460826103),
(125, 1, '5ead9d363419d9a3111a5fa53950fde3', 'Mozilla/5.0 (Windows NT 6.1; WOW64) AppleWebKit/537.36 (KHTML, like Gecko) Chrome/49.0.2623.112 Safari/537.36', 1460827219),
(126, 1, 'aa953e953db1a52775255f27a60c26de', 'Mozilla/5.0 (Windows NT 6.1; WOW64) AppleWebKit/537.36 (KHTML, like Gecko) Chrome/49.0.2623.112 Safari/537.36', 1460827238),
(127, 1, '2323c5998cb46b65dd0a1cb95f192d7e', 'Mozilla/5.0 (Linux; Android 5.0.2; MotoE2(4G-LTE) Build/LXI22.50-53.8) AppleWebKit/537.36 (KHTML, like Gecko) Chrome/49.', 1460942566),
(128, 1, '2323c5998cb46b65dd0a1cb95f192d7e', 'Mozilla/5.0 (Linux; Android 5.0.2; MotoE2(4G-LTE) Build/LXI22.50-53.8) AppleWebKit/537.36 (KHTML, like Gecko) Chrome/49.', 1460978050),
(129, 1, '8dd2461880147154fcf4f62fd7a36b2e', 'Mozilla/5.0 (Windows NT 6.1; WOW64) AppleWebKit/537.36 (KHTML, like Gecko) Chrome/49.0.2623.110 Safari/537.36', 1460995027),
(130, 1, 'aa953e953db1a52775255f27a60c26de', 'Mozilla/5.0 (Windows NT 6.1; WOW64) AppleWebKit/537.36 (KHTML, like Gecko) Chrome/49.0.2623.112 Safari/537.36', 1461023044),
(131, 1, 'aa953e953db1a52775255f27a60c26de', 'Mozilla/5.0 (Windows NT 6.1; WOW64) AppleWebKit/537.36 (KHTML, like Gecko) Chrome/49.0.2623.112 Safari/537.36', 1461023742),
(132, 1, 'c4f02a6c7cac7fa0145bb03c0b34ee5d', 'Mozilla/5.0 (Macintosh; Intel Mac OS X 10_11_1) AppleWebKit/537.36 (KHTML, like Gecko) Chrome/49.0.2623.112 Safari/537.3', 1461025184),
(133, 1, 'c9edf6ca12fdca58bc5b88a4460950b8', 'Mozilla/5.0 (Windows NT 6.1; WOW64; rv:45.0) Gecko/20100101 Firefox/45.0', 1461029385),
(134, 1, '6361f31e33e9367a74ebe92d9d9379df', 'Mozilla/5.0 (Macintosh; Intel Mac OS X 10_11_4) AppleWebKit/537.36 (KHTML, like Gecko) Chrome/49.0.2623.112 Safari/537.3', 1461029396),
(135, 1, 'fcd2190acfc08e99ce81da2891037bcb', 'Mozilla/5.0 (compatible; MSIE 10.0; Windows NT 6.1; WOW64; Trident/6.0)', 1461037431),
(136, 19, 'c93f2093404a9628e53443580d726e21', 'Mozilla/5.0 (Windows NT 6.1; WOW64) AppleWebKit/537.36 (KHTML, like Gecko) Chrome/49.0.2623.110 Safari/537.36', 1461252446),
(137, 1, '8dd2461880147154fcf4f62fd7a36b2e', 'Mozilla/5.0 (Windows NT 6.1; WOW64) AppleWebKit/537.36 (KHTML, like Gecko) Chrome/49.0.2623.110 Safari/537.36', 1461252570),
(138, 1, 'aa953e953db1a52775255f27a60c26de', 'Mozilla/5.0 (Windows NT 6.1; WOW64) AppleWebKit/537.36 (KHTML, like Gecko) Chrome/49.0.2623.112 Safari/537.36', 1461309599),
(139, 17, 'e906a900700e355be5ced231d5f8c2e0', 'Mozilla/5.0 (Windows NT 6.1; WOW64) AppleWebKit/537.36 (KHTML, like Gecko) Chrome/49.0.2623.110 Safari/537.36', 1461388701),
(140, 1, '7a7b1ba68290240d20ec70d4f99a6ecc', 'Mozilla/5.0 (Windows NT 6.1; WOW64) AppleWebKit/537.36 (KHTML, like Gecko) Chrome/49.0.2623.110 Safari/537.36', 1461389160),
(141, 13, 'e87a9dd8f25236ab25efe08beac85241', 'Mozilla/5.0 (Macintosh; Intel Mac OS X 10_11_4) AppleWebKit/537.36 (KHTML, like Gecko) Chrome/50.0.2661.75 Safari/537.36', 1461389735),
(142, 13, 'b22d28dd81dd274a9ea7fcfa1fa715c2', 'Mozilla/5.0 (Macintosh; Intel Mac OS X 10_11_4) AppleWebKit/537.36 (KHTML, like Gecko) Chrome/50.0.2661.75 Safari/537.36', 1461389770),
(143, 20, '1332fe0a9f33912d27c3ca7c87935d0f', 'Mozilla/5.0 (Windows NT 10.0; WOW64) AppleWebKit/537.36 (KHTML, like Gecko) Chrome/49.0.2623.112 Safari/537.36', 1461390469),
(144, 20, 'da9cc7d385547def4469a1a161f991af', 'Mozilla/5.0 (Windows NT 10.0; WOW64) AppleWebKit/537.36 (KHTML, like Gecko) Chrome/49.0.2623.112 Safari/537.36', 1461390493),
(145, 22, '2abf407c6ffd53cd5530186ea7a587a9', 'Mozilla/5.0 (Windows NT 6.3; WOW64) AppleWebKit/537.36 (KHTML, like Gecko) Chrome/49.0.2623.112 Safari/537.36', 1461477684),
(146, 22, '7ce71e85bb0a29ac3ea12d6dd417006a', 'Mozilla/5.0 (Windows NT 6.3; WOW64) AppleWebKit/537.36 (KHTML, like Gecko) Chrome/49.0.2623.112 Safari/537.36', 1461477741),
(147, 11, '57792692bf6eb327da87f5531a2a0d9c', 'Mozilla/5.0 (Windows NT 6.3; WOW64; rv:45.0) Gecko/20100101 Firefox/45.0', 1461571383),
(148, 11, 'ccefda27e5f81bf0d2909c223ee9f311', 'Mozilla/5.0 (Windows NT 6.3; WOW64; rv:45.0) Gecko/20100101 Firefox/45.0', 1461571424),
(149, 17, 'f2c94dbd10452ee668dcb17f69481676', 'Mozilla/5.0 (Macintosh; Intel Mac OS X 10_11_1) AppleWebKit/537.36 (KHTML, like Gecko) Chrome/49.0.2623.112 Safari/537.3', 1461625800),
(150, 16, '1d26a8f2dae480f82077fc5333932e68', 'Mozilla/5.0 (Windows NT 6.1; WOW64) AppleWebKit/537.36 (KHTML, like Gecko) Chrome/49.0.2623.75 Safari/537.36', 1461629582),
(151, 16, '6fcbf6e79f6b62b548a40a247be93b8f', 'Mozilla/5.0 (Windows NT 6.1; WOW64) AppleWebKit/537.36 (KHTML, like Gecko) Chrome/49.0.2623.75 Safari/537.36', 1461629610),
(152, 19, '5ad185972465f4b2ed3a8b9de2343208', 'Mozilla/5.0 (Windows NT 6.3; WOW64) AppleWebKit/537.36 (KHTML, like Gecko) Chrome/50.0.2661.87 Safari/537.36', 1461630545),
(153, 19, '96c83f2e9a8f6d629bdc62809008bd6b', 'Mozilla/5.0 (Windows NT 6.3; WOW64) AppleWebKit/537.36 (KHTML, like Gecko) Chrome/50.0.2661.87 Safari/537.36', 1461630575),
(154, 20, 'da9cc7d385547def4469a1a161f991af', 'Mozilla/5.0 (Windows NT 10.0; WOW64) AppleWebKit/537.36 (KHTML, like Gecko) Chrome/49.0.2623.112 Safari/537.36', 1461644198),
(155, 15, '3dfd850ddbc76f0b015bb93d66ef19da', 'Mozilla/5.0 (Macintosh; Intel Mac OS X 10_11_4) AppleWebKit/537.36 (KHTML, like Gecko) Chrome/50.0.2661.86 Safari/537.36', 1461644625),
(156, 15, '551d2eea5ec01d611f7be824dba72485', 'Mozilla/5.0 (Macintosh; Intel Mac OS X 10_11_4) AppleWebKit/601.5.17 (KHTML, like Gecko) Version/9.1 Safari/601.5.17', 1461646872),
(157, 19, '96c83f2e9a8f6d629bdc62809008bd6b', 'Mozilla/5.0 (Windows NT 6.3; WOW64) AppleWebKit/537.36 (KHTML, like Gecko) Chrome/50.0.2661.87 Safari/537.36', 1461654836),
(158, 15, '28ea8cd21b426de30c028496f231d7f7', 'Mozilla/5.0 (Macintosh; Intel Mac OS X 10_11_4) AppleWebKit/537.36 (KHTML, like Gecko) Chrome/50.0.2661.86 Safari/537.36', 1461713152),
(159, 1, '7a7b1ba68290240d20ec70d4f99a6ecc', 'Mozilla/5.0 (Windows NT 6.1; WOW64) AppleWebKit/537.36 (KHTML, like Gecko) Chrome/49.0.2623.110 Safari/537.36', 1461733507),
(160, 1, '7a7b1ba68290240d20ec70d4f99a6ecc', 'Mozilla/5.0 (Windows NT 6.1; WOW64) AppleWebKit/537.36 (KHTML, like Gecko) Chrome/49.0.2623.110 Safari/537.36', 1461734918),
(161, 1, 'd98cd42a02ec88071e3002580bf40fa9', 'Mozilla/5.0 (Windows NT 6.1; WOW64) AppleWebKit/537.36 (KHTML, like Gecko) Chrome/49.0.2623.112 Safari/537.36', 1461809931),
(162, 16, '6fcbf6e79f6b62b548a40a247be93b8f', 'Mozilla/5.0 (Windows NT 6.1; WOW64) AppleWebKit/537.36 (KHTML, like Gecko) Chrome/49.0.2623.75 Safari/537.36', 1461813018),
(163, 12, '018b45f6eed8422210c4a1e1e9bb0e93', 'Mozilla/5.0 (Macintosh; Intel Mac OS X 10_11_4) AppleWebKit/537.36 (KHTML, like Gecko) Chrome/49.0.2623.112 Safari/537.3', 1461836787),
(164, 12, '6cccee4eaa5726ca6f73989ba80ad972', 'Mozilla/5.0 (Macintosh; Intel Mac OS X 10_11_4) AppleWebKit/537.36 (KHTML, like Gecko) Chrome/49.0.2623.112 Safari/537.3', 1461836822),
(165, 12, '6cccee4eaa5726ca6f73989ba80ad972', 'Mozilla/5.0 (Macintosh; Intel Mac OS X 10_11_4) AppleWebKit/537.36 (KHTML, like Gecko) Chrome/49.0.2623.112 Safari/537.3', 1461837040),
(166, 18, '170599e356fe1aae5a6fb898c1225a43', 'Mozilla/5.0 (Windows NT 6.3; WOW64) AppleWebKit/537.36 (KHTML, like Gecko) Chrome/49.0.2623.112 Safari/537.36', 1461843249),
(167, 18, '0946c40d78286ce934b0c5ab63ef9469', 'Mozilla/5.0 (Windows NT 6.3; WOW64) AppleWebKit/537.36 (KHTML, like Gecko) Chrome/49.0.2623.112 Safari/537.36', 1461843389),
(168, 15, '28ea8cd21b426de30c028496f231d7f7', 'Mozilla/5.0 (Macintosh; Intel Mac OS X 10_11_4) AppleWebKit/537.36 (KHTML, like Gecko) Chrome/50.0.2661.86 Safari/537.36', 1461885982),
(169, 13, '93af9013474e380f276232a12ccb7343', 'Mozilla/5.0 (Windows NT 6.1; WOW64) AppleWebKit/537.36 (KHTML, like Gecko) Chrome/49.0.2623.110 Safari/537.36', 1461886767),
(170, 1, '7a7b1ba68290240d20ec70d4f99a6ecc', 'Mozilla/5.0 (Windows NT 6.1; WOW64) AppleWebKit/537.36 (KHTML, like Gecko) Chrome/49.0.2623.110 Safari/537.36', 1461891771),
(171, 22, 'cc4e50f542223b6ea8b3700e3ab9d8e6', 'Mozilla/5.0 (Windows NT 6.3; WOW64) AppleWebKit/537.36 (KHTML, like Gecko) Chrome/50.0.2661.87 Safari/537.36', 1461894885),
(172, 16, '6fcbf6e79f6b62b548a40a247be93b8f', 'Mozilla/5.0 (Windows NT 6.1; WOW64) AppleWebKit/537.36 (KHTML, like Gecko) Chrome/49.0.2623.75 Safari/537.36', 1461895478),
(173, 23, '359bc12f6d4cdb72e221234245183861', 'Mozilla/5.0 (Windows NT 6.1; WOW64) AppleWebKit/537.36 (KHTML, like Gecko) Chrome/49.0.2623.110 Safari/537.36', 1461904309),
(174, 23, '5a99dafbf4bd95d5669bfb5cccec1b2c', 'Mozilla/5.0 (Windows NT 6.1; WOW64) AppleWebKit/537.36 (KHTML, like Gecko) Chrome/49.0.2623.110 Safari/537.36', 1461905452),
(175, 23, '6ad5724be361688936cd614715935db5', 'Mozilla/5.0 (Windows NT 6.1; WOW64) AppleWebKit/537.36 (KHTML, like Gecko) Chrome/49.0.2623.112 Safari/537.36', 1461908769),
(176, 23, '6ad5724be361688936cd614715935db5', 'Mozilla/5.0 (Windows NT 6.1; WOW64) AppleWebKit/537.36 (KHTML, like Gecko) Chrome/49.0.2623.112 Safari/537.36', 1461909980),
(177, 23, '6ad5724be361688936cd614715935db5', 'Mozilla/5.0 (Windows NT 6.1; WOW64) AppleWebKit/537.36 (KHTML, like Gecko) Chrome/49.0.2623.112 Safari/537.36', 1461910716),
(178, 13, '9485d91a19bcda21eb69d2a117e649ff', 'Mozilla/5.0 (Macintosh; Intel Mac OS X 10_11_4) AppleWebKit/537.36 (KHTML, like Gecko) Chrome/50.0.2661.86 Safari/537.36', 1461912536),
(179, 13, 'd6892c7c744ced6a4988ecbff2bd2efd', 'Mozilla/5.0 (Macintosh; Intel Mac OS X 10_11_4) AppleWebKit/537.36 (KHTML, like Gecko) Chrome/50.0.2661.86 Safari/537.36', 1461912581),
(180, 14, '638dc33a23a711971eec0aa271c77beb', 'Mozilla/5.0 (Windows NT 10.0; Win64; x64) AppleWebKit/537.36 (KHTML, like Gecko) Chrome/46.0.2486.0 Safari/537.36 Edge/1', 1461915030),
(181, 14, '0444ca368015ea4bfff448d6036799c6', 'Mozilla/5.0 (Windows NT 10.0; Win64; x64) AppleWebKit/537.36 (KHTML, like Gecko) Chrome/46.0.2486.0 Safari/537.36 Edge/1', 1461915066),
(182, 1, 'd98cd42a02ec88071e3002580bf40fa9', 'Mozilla/5.0 (Windows NT 6.1; WOW64) AppleWebKit/537.36 (KHTML, like Gecko) Chrome/49.0.2623.112 Safari/537.36', 1461973067),
(183, 1, 'd98cd42a02ec88071e3002580bf40fa9', 'Mozilla/5.0 (Windows NT 6.1; WOW64) AppleWebKit/537.36 (KHTML, like Gecko) Chrome/49.0.2623.112 Safari/537.36', 1462250639),
(184, 23, '6ad5724be361688936cd614715935db5', 'Mozilla/5.0 (Windows NT 6.1; WOW64) AppleWebKit/537.36 (KHTML, like Gecko) Chrome/49.0.2623.112 Safari/537.36', 1462250959),
(185, 13, 'd6892c7c744ced6a4988ecbff2bd2efd', 'Mozilla/5.0 (Macintosh; Intel Mac OS X 10_11_4) AppleWebKit/537.36 (KHTML, like Gecko) Chrome/50.0.2661.86 Safari/537.36', 1462253367),
(186, 16, '6fcbf6e79f6b62b548a40a247be93b8f', 'Mozilla/5.0 (Windows NT 6.1; WOW64) AppleWebKit/537.36 (KHTML, like Gecko) Chrome/49.0.2623.75 Safari/537.36', 1462254705),
(187, 14, '0444ca368015ea4bfff448d6036799c6', 'Mozilla/5.0 (Windows NT 10.0; Win64; x64) AppleWebKit/537.36 (KHTML, like Gecko) Chrome/46.0.2486.0 Safari/537.36 Edge/1', 1462321304),
(188, 14, '0444ca368015ea4bfff448d6036799c6', 'Mozilla/5.0 (Windows NT 10.0; Win64; x64) AppleWebKit/537.36 (KHTML, like Gecko) Chrome/46.0.2486.0 Safari/537.36 Edge/1', 1462325305),
(189, 23, '33066779f52fc580d07ec3fc67090b83', 'Mozilla/5.0 (Windows NT 6.1; WOW64) AppleWebKit/537.36 (KHTML, like Gecko) Chrome/50.0.2661.94 Safari/537.36', 1462333202),
(190, 13, 'd6892c7c744ced6a4988ecbff2bd2efd', 'Mozilla/5.0 (Macintosh; Intel Mac OS X 10_11_4) AppleWebKit/537.36 (KHTML, like Gecko) Chrome/50.0.2661.86 Safari/537.36', 1462428941),
(191, 1, '2c1db56e109ad6b728f5c22ba4711591', 'Mozilla/5.0 (Windows NT 6.1; WOW64) AppleWebKit/537.36 (KHTML, like Gecko) Chrome/50.0.2661.94 Safari/537.36', 1462480579),
(192, 14, 'b12382a5cee7165716e558e996f4462e', 'Mozilla/5.0 (Windows NT 6.1; WOW64) AppleWebKit/537.36 (KHTML, like Gecko) Chrome/50.0.2661.94 Safari/537.36', 1462480592),
(193, 1, '6c1c0e94f48d355c3e2e82efc1bfd3ae', 'Mozilla/5.0 (Windows NT 6.1; WOW64) AppleWebKit/537.36 (KHTML, like Gecko) Chrome/50.0.2661.102 Safari/537.36', 1464364651),
(194, 1, '6c1c0e94f48d355c3e2e82efc1bfd3ae', 'Mozilla/5.0 (Windows NT 6.1; WOW64) AppleWebKit/537.36 (KHTML, like Gecko) Chrome/50.0.2661.102 Safari/537.36', 1464397812),
(195, 1, '6c1c0e94f48d355c3e2e82efc1bfd3ae', 'Mozilla/5.0 (Windows NT 6.1; WOW64) AppleWebKit/537.36 (KHTML, like Gecko) Chrome/50.0.2661.102 Safari/537.36', 1464619468),
(196, 1, '6c1c0e94f48d355c3e2e82efc1bfd3ae', 'Mozilla/5.0 (Windows NT 6.1; WOW64) AppleWebKit/537.36 (KHTML, like Gecko) Chrome/50.0.2661.102 Safari/537.36', 1464664076),
(197, 1, '6c1c0e94f48d355c3e2e82efc1bfd3ae', 'Mozilla/5.0 (Windows NT 6.1; WOW64) AppleWebKit/537.36 (KHTML, like Gecko) Chrome/50.0.2661.102 Safari/537.36', 1464704118),
(198, 1, '6c1c0e94f48d355c3e2e82efc1bfd3ae', 'Mozilla/5.0 (Windows NT 6.1; WOW64) AppleWebKit/537.36 (KHTML, like Gecko) Chrome/50.0.2661.102 Safari/537.36', 1464787530),
(199, 1, '6c1c0e94f48d355c3e2e82efc1bfd3ae', 'Mozilla/5.0 (Windows NT 6.1; WOW64) AppleWebKit/537.36 (KHTML, like Gecko) Chrome/50.0.2661.102 Safari/537.36', 1464876429),
(200, 1, '6c1c0e94f48d355c3e2e82efc1bfd3ae', 'Mozilla/5.0 (Windows NT 6.1; WOW64) AppleWebKit/537.36 (KHTML, like Gecko) Chrome/50.0.2661.102 Safari/537.36', 1465241509);

-- --------------------------------------------------------

--
-- Estructura de tabla para la tabla `reset_passwords`
--

CREATE TABLE IF NOT EXISTS `reset_passwords` (
  `id` int(10) unsigned NOT NULL,
  `usersId` int(10) unsigned NOT NULL,
  `code` varchar(48) NOT NULL,
  `createdAt` int(10) unsigned NOT NULL,
  `modifiedAt` int(10) unsigned DEFAULT NULL,
  `reset` char(1) NOT NULL
) ENGINE=InnoDB DEFAULT CHARSET=utf8;

-- --------------------------------------------------------

--
-- Estructura de tabla para la tabla `success_logins`
--

CREATE TABLE IF NOT EXISTS `success_logins` (
  `id` int(10) unsigned NOT NULL,
  `usersId` int(10) unsigned NOT NULL,
  `ipAddress` char(15) NOT NULL,
  `userAgent` varchar(120) NOT NULL
) ENGINE=InnoDB AUTO_INCREMENT=201 DEFAULT CHARSET=utf8;

--
-- Volcado de datos para la tabla `success_logins`
--

INSERT INTO `success_logins` (`id`, `usersId`, `ipAddress`, `userAgent`) VALUES
(1, 1, '::1', 'Mozilla/5.0 (Windows NT 6.1; WOW64) AppleWebKit/537.36 (KHTML, like Gecko) Chrome/47.0.2526.111 Safari/537.36'),
(2, 1, '::1', 'Mozilla/5.0 (Windows NT 6.1; WOW64) AppleWebKit/537.36 (KHTML, like Gecko) Chrome/47.0.2526.111 Safari/537.36'),
(3, 1, '::1', 'Mozilla/5.0 (Windows NT 6.1; WOW64) AppleWebKit/537.36 (KHTML, like Gecko) Chrome/47.0.2526.111 Safari/537.36'),
(4, 1, '::1', 'Mozilla/5.0 (Windows NT 6.1; WOW64) AppleWebKit/537.36 (KHTML, like Gecko) Chrome/47.0.2526.111 Safari/537.36'),
(5, 1, '::1', 'Mozilla/5.0 (Windows NT 6.1; WOW64) AppleWebKit/537.36 (KHTML, like Gecko) Chrome/47.0.2526.111 Safari/537.36'),
(6, 1, '::1', 'Mozilla/5.0 (Windows NT 6.1; WOW64) AppleWebKit/537.36 (KHTML, like Gecko) Chrome/47.0.2526.111 Safari/537.36'),
(7, 1, '::1', 'Mozilla/5.0 (Windows NT 6.1; WOW64) AppleWebKit/537.36 (KHTML, like Gecko) Chrome/47.0.2526.111 Safari/537.36'),
(8, 1, '::1', 'Mozilla/5.0 (Windows NT 6.1; WOW64) AppleWebKit/537.36 (KHTML, like Gecko) Chrome/47.0.2526.111 Safari/537.36'),
(9, 1, '::1', 'Mozilla/5.0 (Windows NT 6.1; WOW64) AppleWebKit/537.36 (KHTML, like Gecko) Chrome/47.0.2526.111 Safari/537.36'),
(10, 1, '::1', 'Mozilla/5.0 (Windows NT 6.1; WOW64) AppleWebKit/537.36 (KHTML, like Gecko) Chrome/47.0.2526.111 Safari/537.36'),
(11, 1, '::1', 'Mozilla/5.0 (Windows NT 6.1; WOW64) AppleWebKit/537.36 (KHTML, like Gecko) Chrome/47.0.2526.111 Safari/537.36'),
(12, 1, '::1', 'Mozilla/5.0 (Windows NT 6.1; WOW64) AppleWebKit/537.36 (KHTML, like Gecko) Chrome/47.0.2526.111 Safari/537.36'),
(13, 1, '::1', 'Mozilla/5.0 (Windows NT 6.1; WOW64) AppleWebKit/537.36 (KHTML, like Gecko) Chrome/47.0.2526.111 Safari/537.36'),
(14, 1, '::1', 'Mozilla/5.0 (Windows NT 6.1; WOW64) AppleWebKit/537.36 (KHTML, like Gecko) Chrome/47.0.2526.111 Safari/537.36'),
(15, 1, '::1', 'Mozilla/5.0 (Windows NT 6.1; WOW64) AppleWebKit/537.36 (KHTML, like Gecko) Chrome/48.0.2564.97 Safari/537.36'),
(16, 1, '::1', 'Mozilla/5.0 (Windows NT 6.1; WOW64) AppleWebKit/537.36 (KHTML, like Gecko) Chrome/48.0.2564.97 Safari/537.36'),
(17, 2, '::1', 'Mozilla/5.0 (Windows NT 6.1; WOW64) AppleWebKit/537.36 (KHTML, like Gecko) Chrome/48.0.2564.97 Safari/537.36'),
(18, 2, '::1', 'Mozilla/5.0 (Windows NT 6.1; WOW64) AppleWebKit/537.36 (KHTML, like Gecko) Chrome/48.0.2564.97 Safari/537.36'),
(19, 4, '::1', 'Mozilla/5.0 (Windows NT 6.1; WOW64) AppleWebKit/537.36 (KHTML, like Gecko) Chrome/48.0.2564.97 Safari/537.36'),
(20, 4, '::1', 'Mozilla/5.0 (Windows NT 6.1; WOW64) AppleWebKit/537.36 (KHTML, like Gecko) Chrome/48.0.2564.97 Safari/537.36'),
(21, 4, '::1', 'Mozilla/5.0 (Windows NT 6.1; WOW64) AppleWebKit/537.36 (KHTML, like Gecko) Chrome/48.0.2564.97 Safari/537.36'),
(22, 1, '::1', 'Mozilla/5.0 (Windows NT 6.1; WOW64) AppleWebKit/537.36 (KHTML, like Gecko) Chrome/48.0.2564.103 Safari/537.36'),
(23, 1, '::1', 'Mozilla/5.0 (Windows NT 6.1; WOW64) AppleWebKit/537.36 (KHTML, like Gecko) Chrome/48.0.2564.103 Safari/537.36'),
(24, 1, '::1', 'Mozilla/5.0 (Windows NT 6.1; WOW64) AppleWebKit/537.36 (KHTML, like Gecko) Chrome/48.0.2564.109 Safari/537.36'),
(25, 1, '::1', 'Mozilla/5.0 (Windows NT 6.1; WOW64) AppleWebKit/537.36 (KHTML, like Gecko) Chrome/48.0.2564.109 Safari/537.36'),
(26, 1, '::1', 'Mozilla/5.0 (Windows NT 6.1; WOW64) AppleWebKit/537.36 (KHTML, like Gecko) Chrome/48.0.2564.109 Safari/537.36'),
(27, 1, '::1', 'Mozilla/5.0 (Windows NT 6.1; WOW64) AppleWebKit/537.36 (KHTML, like Gecko) Chrome/48.0.2564.109 Safari/537.36'),
(28, 1, '::1', 'Mozilla/5.0 (Windows NT 6.1; WOW64) AppleWebKit/537.36 (KHTML, like Gecko) Chrome/48.0.2564.109 Safari/537.36'),
(29, 1, '::1', 'Mozilla/5.0 (Windows NT 6.1; WOW64) AppleWebKit/537.36 (KHTML, like Gecko) Chrome/48.0.2564.109 Safari/537.36'),
(30, 1, '::1', 'Mozilla/5.0 (Windows NT 6.1; WOW64) AppleWebKit/537.36 (KHTML, like Gecko) Chrome/48.0.2564.109 Safari/537.36'),
(31, 1, '::1', 'Mozilla/5.0 (Windows NT 6.1; WOW64) AppleWebKit/537.36 (KHTML, like Gecko) Chrome/48.0.2564.109 Safari/537.36'),
(32, 1, '::1', 'Mozilla/5.0 (Windows NT 6.1; WOW64) AppleWebKit/537.36 (KHTML, like Gecko) Chrome/48.0.2564.109 Safari/537.36'),
(33, 1, '::1', 'Mozilla/5.0 (Windows NT 6.1; WOW64) AppleWebKit/537.36 (KHTML, like Gecko) Chrome/48.0.2564.109 Safari/537.36'),
(34, 1, '::1', 'Mozilla/5.0 (Windows NT 6.1; WOW64) AppleWebKit/537.36 (KHTML, like Gecko) Chrome/48.0.2564.109 Safari/537.36'),
(35, 1, '::1', 'Mozilla/5.0 (Windows NT 6.1; WOW64) AppleWebKit/537.36 (KHTML, like Gecko) Chrome/48.0.2564.109 Safari/537.36'),
(36, 1, '::1', 'Mozilla/5.0 (Windows NT 6.1; WOW64) AppleWebKit/537.36 (KHTML, like Gecko) Chrome/48.0.2564.109 Safari/537.36'),
(37, 1, '::1', 'Mozilla/5.0 (Windows NT 6.1; WOW64) AppleWebKit/537.36 (KHTML, like Gecko) Chrome/48.0.2564.109 Safari/537.36'),
(38, 1, '::1', 'Mozilla/5.0 (Windows NT 6.1; WOW64) AppleWebKit/537.36 (KHTML, like Gecko) Chrome/48.0.2564.109 Safari/537.36'),
(39, 1, '::1', 'Mozilla/5.0 (Windows NT 6.1; WOW64) AppleWebKit/537.36 (KHTML, like Gecko) Chrome/48.0.2564.109 Safari/537.36'),
(40, 1, '::1', 'Mozilla/5.0 (Windows NT 6.1; WOW64) AppleWebKit/537.36 (KHTML, like Gecko) Chrome/48.0.2564.109 Safari/537.36'),
(41, 1, '::1', 'Mozilla/5.0 (Windows NT 6.1; WOW64) AppleWebKit/537.36 (KHTML, like Gecko) Chrome/48.0.2564.109 Safari/537.36'),
(42, 1, '::1', 'Mozilla/5.0 (Windows NT 6.1; WOW64) AppleWebKit/537.36 (KHTML, like Gecko) Chrome/48.0.2564.109 Safari/537.36'),
(43, 1, '::1', 'Mozilla/5.0 (Windows NT 6.1; WOW64) AppleWebKit/537.36 (KHTML, like Gecko) Chrome/48.0.2564.109 Safari/537.36'),
(44, 1, '::1', 'Mozilla/5.0 (Windows NT 6.1; WOW64) AppleWebKit/537.36 (KHTML, like Gecko) Chrome/48.0.2564.109 Safari/537.36'),
(45, 1, '::1', 'Mozilla/5.0 (Windows NT 6.1; WOW64) AppleWebKit/537.36 (KHTML, like Gecko) Chrome/48.0.2564.109 Safari/537.36'),
(46, 1, '::1', 'Mozilla/5.0 (Windows NT 6.1; WOW64) AppleWebKit/537.36 (KHTML, like Gecko) Chrome/48.0.2564.109 Safari/537.36'),
(47, 1, '::1', 'Mozilla/5.0 (Windows NT 6.1; WOW64) AppleWebKit/537.36 (KHTML, like Gecko) Chrome/48.0.2564.109 Safari/537.36'),
(48, 1, '::1', 'Mozilla/5.0 (Windows NT 6.1; WOW64) AppleWebKit/537.36 (KHTML, like Gecko) Chrome/48.0.2564.109 Safari/537.36'),
(49, 1, '::1', 'Mozilla/5.0 (Windows NT 6.1; WOW64) AppleWebKit/537.36 (KHTML, like Gecko) Chrome/48.0.2564.109 Safari/537.36'),
(50, 1, '::1', 'Mozilla/5.0 (Windows NT 6.1; WOW64) AppleWebKit/537.36 (KHTML, like Gecko) Chrome/48.0.2564.109 Safari/537.36'),
(51, 1, '::1', 'Mozilla/5.0 (Windows NT 6.1; WOW64) AppleWebKit/537.36 (KHTML, like Gecko) Chrome/48.0.2564.109 Safari/537.36'),
(52, 1, '::1', 'Mozilla/5.0 (Windows NT 6.1; WOW64) AppleWebKit/537.36 (KHTML, like Gecko) Chrome/48.0.2564.109 Safari/537.36'),
(53, 1, '::1', 'Mozilla/5.0 (Windows NT 6.1; WOW64) AppleWebKit/537.36 (KHTML, like Gecko) Chrome/48.0.2564.109 Safari/537.36'),
(54, 1, '::1', 'Mozilla/5.0 (Windows NT 6.1; WOW64) AppleWebKit/537.36 (KHTML, like Gecko) Chrome/48.0.2564.109 Safari/537.36'),
(55, 1, '::1', 'Mozilla/5.0 (Windows NT 6.1; WOW64) AppleWebKit/537.36 (KHTML, like Gecko) Chrome/48.0.2564.109 Safari/537.36'),
(56, 1, '::1', 'Mozilla/5.0 (Windows NT 6.1; WOW64) AppleWebKit/537.36 (KHTML, like Gecko) Chrome/48.0.2564.109 Safari/537.36'),
(57, 1, '::1', 'Mozilla/5.0 (Windows NT 6.1; WOW64) AppleWebKit/537.36 (KHTML, like Gecko) Chrome/48.0.2564.109 Safari/537.36'),
(58, 1, '::1', 'Mozilla/5.0 (Windows NT 6.1; WOW64) AppleWebKit/537.36 (KHTML, like Gecko) Chrome/48.0.2564.109 Safari/537.36'),
(59, 1, '::1', 'Mozilla/5.0 (Windows NT 6.1; WOW64) AppleWebKit/537.36 (KHTML, like Gecko) Chrome/48.0.2564.109 Safari/537.36'),
(60, 1, '::1', 'Mozilla/5.0 (Windows NT 6.1; WOW64) AppleWebKit/537.36 (KHTML, like Gecko) Chrome/48.0.2564.109 Safari/537.36'),
(61, 1, '::1', 'Mozilla/5.0 (Windows NT 6.1; WOW64) AppleWebKit/537.36 (KHTML, like Gecko) Chrome/48.0.2564.109 Safari/537.36'),
(62, 1, '::1', 'Mozilla/5.0 (Windows NT 6.1; WOW64) AppleWebKit/537.36 (KHTML, like Gecko) Chrome/48.0.2564.109 Safari/537.36'),
(63, 1, '::1', 'Mozilla/5.0 (Windows NT 6.1; WOW64; Trident/7.0; rv:11.0) like Gecko'),
(64, 1, '::1', 'Mozilla/5.0 (Windows NT 6.1; WOW64) AppleWebKit/537.36 (KHTML, like Gecko) Chrome/48.0.2564.109 Safari/537.36'),
(65, 1, '::1', 'Mozilla/5.0 (Windows NT 6.1; WOW64) AppleWebKit/537.36 (KHTML, like Gecko) Chrome/48.0.2564.109 Safari/537.36'),
(66, 1, '::1', 'Mozilla/5.0 (Windows NT 6.1; WOW64) AppleWebKit/537.36 (KHTML, like Gecko) Chrome/48.0.2564.109 Safari/537.36'),
(67, 1, '::1', 'Mozilla/5.0 (Windows NT 6.1; WOW64; Trident/7.0; rv:11.0) like Gecko'),
(68, 1, '::1', 'Mozilla/5.0 (Windows NT 6.1; WOW64) AppleWebKit/537.36 (KHTML, like Gecko) Chrome/48.0.2564.109 Safari/537.36'),
(69, 1, '::1', 'Mozilla/5.0 (Windows NT 6.1; WOW64) AppleWebKit/537.36 (KHTML, like Gecko) Chrome/48.0.2564.109 Safari/537.36'),
(70, 1, '::1', 'Mozilla/5.0 (Windows NT 6.1; WOW64) AppleWebKit/537.36 (KHTML, like Gecko) Chrome/48.0.2564.109 Safari/537.36'),
(71, 1, '::1', 'Mozilla/5.0 (Windows NT 6.1; WOW64) AppleWebKit/537.36 (KHTML, like Gecko) Chrome/48.0.2564.109 Safari/537.36'),
(72, 1, '::1', 'Mozilla/5.0 (Windows NT 6.1; WOW64) AppleWebKit/537.36 (KHTML, like Gecko) Chrome/48.0.2564.109 Safari/537.36'),
(73, 1, '::1', 'Mozilla/5.0 (Windows NT 6.1; WOW64) AppleWebKit/537.36 (KHTML, like Gecko) Chrome/48.0.2564.109 Safari/537.36'),
(74, 1, '::1', 'Mozilla/5.0 (Windows NT 6.1; WOW64) AppleWebKit/537.36 (KHTML, like Gecko) Chrome/48.0.2564.109 Safari/537.36'),
(75, 1, '::1', 'Mozilla/5.0 (Windows NT 6.1; WOW64) AppleWebKit/537.36 (KHTML, like Gecko) Chrome/48.0.2564.109 Safari/537.36'),
(76, 1, '::1', 'Mozilla/5.0 (Windows NT 6.1; WOW64) AppleWebKit/537.36 (KHTML, like Gecko) Chrome/48.0.2564.109 Safari/537.36'),
(77, 1, '::1', 'Mozilla/5.0 (Windows NT 6.1; WOW64) AppleWebKit/537.36 (KHTML, like Gecko) Chrome/48.0.2564.109 Safari/537.36'),
(78, 1, '::1', 'Mozilla/5.0 (Windows NT 6.1; WOW64) AppleWebKit/537.36 (KHTML, like Gecko) Chrome/48.0.2564.109 Safari/537.36'),
(79, 1, '::1', 'Mozilla/5.0 (Windows NT 6.1; WOW64) AppleWebKit/537.36 (KHTML, like Gecko) Chrome/48.0.2564.109 Safari/537.36'),
(80, 1, '::1', 'Mozilla/5.0 (Windows NT 6.1; WOW64) AppleWebKit/537.36 (KHTML, like Gecko) Chrome/48.0.2564.109 Safari/537.36'),
(81, 1, '::1', 'Mozilla/5.0 (Windows NT 6.1; WOW64) AppleWebKit/537.36 (KHTML, like Gecko) Chrome/48.0.2564.109 Safari/537.36'),
(82, 1, '::1', 'Mozilla/5.0 (Windows NT 6.1; WOW64) AppleWebKit/537.36 (KHTML, like Gecko) Chrome/48.0.2564.109 Safari/537.36'),
(83, 1, '::1', 'Mozilla/5.0 (Windows NT 6.1; WOW64) AppleWebKit/537.36 (KHTML, like Gecko) Chrome/48.0.2564.116 Safari/537.36'),
(84, 1, '::1', 'Mozilla/5.0 (Windows NT 6.1; WOW64) AppleWebKit/537.36 (KHTML, like Gecko) Chrome/48.0.2564.116 Safari/537.36'),
(85, 1, '::1', 'Mozilla/5.0 (Windows NT 6.1; WOW64) AppleWebKit/537.36 (KHTML, like Gecko) Chrome/49.0.2623.110 Safari/537.36'),
(86, 1, '::1', 'Mozilla/5.0 (Windows NT 6.1; WOW64) AppleWebKit/537.36 (KHTML, like Gecko) Chrome/49.0.2623.110 Safari/537.36'),
(87, 1, '::1', 'Mozilla/5.0 (Windows NT 6.1; WOW64) AppleWebKit/537.36 (KHTML, like Gecko) Chrome/49.0.2623.110 Safari/537.36'),
(88, 1, '::1', 'Mozilla/5.0 (Windows NT 6.1; WOW64) AppleWebKit/537.36 (KHTML, like Gecko) Chrome/49.0.2623.110 Safari/537.36'),
(89, 1, '::1', 'Mozilla/5.0 (Windows NT 6.1; WOW64) AppleWebKit/537.36 (KHTML, like Gecko) Chrome/49.0.2623.110 Safari/537.36'),
(90, 1, '::1', 'Mozilla/5.0 (Windows NT 6.1; WOW64) AppleWebKit/537.36 (KHTML, like Gecko) Chrome/49.0.2623.110 Safari/537.36'),
(91, 1, '::1', 'Mozilla/5.0 (Windows NT 6.1; WOW64) AppleWebKit/537.36 (KHTML, like Gecko) Chrome/49.0.2623.110 Safari/537.36'),
(92, 1, '::1', 'Mozilla/5.0 (Windows NT 6.1; WOW64) AppleWebKit/537.36 (KHTML, like Gecko) Chrome/49.0.2623.110 Safari/537.36'),
(93, 3, '::1', 'Mozilla/5.0 (Windows NT 6.1; WOW64) AppleWebKit/537.36 (KHTML, like Gecko) Chrome/49.0.2623.110 Safari/537.36'),
(94, 4, '::1', 'Mozilla/5.0 (Windows NT 6.1; WOW64) AppleWebKit/537.36 (KHTML, like Gecko) Chrome/49.0.2623.110 Safari/537.36'),
(95, 1, '::1', 'Mozilla/5.0 (Windows NT 6.1; WOW64) AppleWebKit/537.36 (KHTML, like Gecko) Chrome/49.0.2623.112 Safari/537.36'),
(96, 1, '::1', 'Mozilla/5.0 (Windows NT 6.1; WOW64) AppleWebKit/537.36 (KHTML, like Gecko) Chrome/49.0.2623.112 Safari/537.36'),
(97, 1, '::1', 'Mozilla/5.0 (Windows NT 6.1; WOW64) AppleWebKit/537.36 (KHTML, like Gecko) Chrome/49.0.2623.112 Safari/537.36'),
(98, 3, '::1', 'Mozilla/5.0 (Windows NT 6.1; WOW64) AppleWebKit/537.36 (KHTML, like Gecko) Chrome/49.0.2623.112 Safari/537.36'),
(99, 3, '::1', 'Mozilla/5.0 (Windows NT 6.1; WOW64) AppleWebKit/537.36 (KHTML, like Gecko) Chrome/49.0.2623.112 Safari/537.36'),
(100, 1, '::1', 'Mozilla/5.0 (Windows NT 6.1; WOW64) AppleWebKit/537.36 (KHTML, like Gecko) Chrome/49.0.2623.112 Safari/537.36'),
(101, 1, '::1', 'Mozilla/5.0 (Windows NT 6.1; WOW64) AppleWebKit/537.36 (KHTML, like Gecko) Chrome/49.0.2623.112 Safari/537.36'),
(102, 1, '::1', 'Mozilla/5.0 (Windows NT 6.1; WOW64) AppleWebKit/537.36 (KHTML, like Gecko) Chrome/49.0.2623.112 Safari/537.36'),
(103, 1, '::1', 'Mozilla/5.0 (Windows NT 6.1; WOW64) AppleWebKit/537.36 (KHTML, like Gecko) Chrome/49.0.2623.112 Safari/537.36'),
(104, 1, '::1', 'Mozilla/5.0 (Windows NT 6.1; WOW64) AppleWebKit/537.36 (KHTML, like Gecko) Chrome/49.0.2623.112 Safari/537.36'),
(105, 1, '::1', 'Mozilla/5.0 (Windows NT 6.1; WOW64) AppleWebKit/537.36 (KHTML, like Gecko) Chrome/49.0.2623.112 Safari/537.36'),
(106, 1, '::1', 'Mozilla/5.0 (Windows NT 6.1; WOW64) AppleWebKit/537.36 (KHTML, like Gecko) Chrome/49.0.2623.112 Safari/537.36'),
(107, 1, '::1', 'Mozilla/5.0 (Windows NT 6.1; WOW64) AppleWebKit/537.36 (KHTML, like Gecko) Chrome/49.0.2623.112 Safari/537.36'),
(108, 1, '::1', 'Mozilla/5.0 (Windows NT 6.1; WOW64) AppleWebKit/537.36 (KHTML, like Gecko) Chrome/49.0.2623.112 Safari/537.36'),
(109, 1, '::1', 'Mozilla/5.0 (Windows NT 6.1; WOW64) AppleWebKit/537.36 (KHTML, like Gecko) Chrome/49.0.2623.112 Safari/537.36'),
(110, 1, '::1', 'Mozilla/5.0 (Windows NT 6.1; WOW64) AppleWebKit/537.36 (KHTML, like Gecko) Chrome/49.0.2623.112 Safari/537.36'),
(111, 1, '::1', 'Mozilla/5.0 (Windows NT 6.1; WOW64) AppleWebKit/537.36 (KHTML, like Gecko) Chrome/49.0.2623.112 Safari/537.36'),
(112, 1, '::1', 'Mozilla/5.0 (Windows NT 6.1; WOW64) AppleWebKit/537.36 (KHTML, like Gecko) Chrome/49.0.2623.112 Safari/537.36'),
(113, 1, '::1', 'Mozilla/5.0 (Windows NT 6.1; WOW64) AppleWebKit/537.36 (KHTML, like Gecko) Chrome/49.0.2623.112 Safari/537.36'),
(114, 1, '200.112.248.249', 'Mozilla/5.0 (Windows NT 6.1; WOW64) AppleWebKit/537.36 (KHTML, like Gecko) Chrome/49.0.2623.112 Safari/537.36'),
(115, 1, '201.239.78.60', 'Mozilla/5.0 (Windows NT 6.1; WOW64) AppleWebKit/537.36 (KHTML, like Gecko) Chrome/49.0.2623.112 Safari/537.36'),
(116, 1, '200.112.248.249', 'Mozilla/5.0 (Windows NT 6.1; WOW64) AppleWebKit/537.36 (KHTML, like Gecko) Chrome/49.0.2623.112 Safari/537.36'),
(117, 1, '201.239.78.60', 'Mozilla/5.0 (Windows NT 6.1; WOW64) AppleWebKit/537.36 (KHTML, like Gecko) Chrome/49.0.2623.112 Safari/537.36'),
(118, 1, '201.239.78.60', 'Mozilla/5.0 (Windows NT 6.1; WOW64) AppleWebKit/537.36 (KHTML, like Gecko) Chrome/49.0.2623.112 Safari/537.36'),
(119, 11, '200.112.248.249', 'Mozilla/5.0 (Windows NT 6.1; WOW64) AppleWebKit/537.36 (KHTML, like Gecko) Chrome/49.0.2623.112 Safari/537.36'),
(120, 12, '200.112.248.249', 'Mozilla/5.0 (Windows NT 6.1; WOW64) AppleWebKit/537.36 (KHTML, like Gecko) Chrome/49.0.2623.112 Safari/537.36'),
(121, 12, '200.112.248.249', 'Mozilla/5.0 (Windows NT 6.1; WOW64) AppleWebKit/537.36 (KHTML, like Gecko) Chrome/49.0.2623.112 Safari/537.36'),
(122, 13, '200.112.248.249', 'Mozilla/5.0 (Windows NT 6.1; WOW64) AppleWebKit/537.36 (KHTML, like Gecko) Chrome/49.0.2623.112 Safari/537.36'),
(123, 13, '200.112.248.249', 'Mozilla/5.0 (Windows NT 6.1; WOW64) AppleWebKit/537.36 (KHTML, like Gecko) Chrome/49.0.2623.112 Safari/537.36'),
(124, 13, '200.112.248.249', 'Mozilla/5.0 (Windows NT 6.1; WOW64) AppleWebKit/537.36 (KHTML, like Gecko) Chrome/49.0.2623.112 Safari/537.36'),
(125, 1, '201.239.78.60', 'Mozilla/5.0 (Windows NT 6.1; WOW64) AppleWebKit/537.36 (KHTML, like Gecko) Chrome/49.0.2623.112 Safari/537.36'),
(126, 1, '201.239.78.60', 'Mozilla/5.0 (Windows NT 6.1; WOW64) AppleWebKit/537.36 (KHTML, like Gecko) Chrome/49.0.2623.112 Safari/537.36'),
(127, 1, '190.46.213.107', 'Mozilla/5.0 (Linux; Android 5.0.2; MotoE2(4G-LTE) Build/LXI22.50-53.8) AppleWebKit/537.36 (KHTML, like Gecko) Chrome/49.'),
(128, 1, '201.239.78.60', 'Mozilla/5.0 (Linux; Android 5.0.2; MotoE2(4G-LTE) Build/LXI22.50-53.8) AppleWebKit/537.36 (KHTML, like Gecko) Chrome/49.'),
(129, 1, '186.11.37.179', 'Mozilla/5.0 (Windows NT 6.1; WOW64) AppleWebKit/537.36 (KHTML, like Gecko) Chrome/49.0.2623.110 Safari/537.36'),
(130, 1, '201.239.78.60', 'Mozilla/5.0 (Windows NT 6.1; WOW64) AppleWebKit/537.36 (KHTML, like Gecko) Chrome/49.0.2623.112 Safari/537.36'),
(131, 1, '190.216.147.246', 'Mozilla/5.0 (Windows NT 6.1; WOW64) AppleWebKit/537.36 (KHTML, like Gecko) Chrome/49.0.2623.112 Safari/537.36'),
(132, 1, '186.148.4.188', 'Mozilla/5.0 (Macintosh; Intel Mac OS X 10_11_1) AppleWebKit/537.36 (KHTML, like Gecko) Chrome/49.0.2623.112 Safari/537.3'),
(133, 1, '190.162.44.3', 'Mozilla/5.0 (Windows NT 6.1; WOW64; rv:45.0) Gecko/20100101 Firefox/45.0'),
(134, 1, '201.214.89.98', 'Mozilla/5.0 (Macintosh; Intel Mac OS X 10_11_4) AppleWebKit/537.36 (KHTML, like Gecko) Chrome/49.0.2623.112 Safari/537.3'),
(135, 1, '186.11.37.179', 'Mozilla/5.0 (compatible; MSIE 10.0; Windows NT 6.1; WOW64; Trident/6.0)'),
(136, 19, '186.11.14.42', 'Mozilla/5.0 (Windows NT 6.1; WOW64) AppleWebKit/537.36 (KHTML, like Gecko) Chrome/49.0.2623.110 Safari/537.36'),
(137, 1, '186.11.14.42', 'Mozilla/5.0 (Windows NT 6.1; WOW64) AppleWebKit/537.36 (KHTML, like Gecko) Chrome/49.0.2623.110 Safari/537.36'),
(138, 1, '190.209.2.190', 'Mozilla/5.0 (Windows NT 6.1; WOW64) AppleWebKit/537.36 (KHTML, like Gecko) Chrome/49.0.2623.112 Safari/537.36'),
(139, 17, '186.9.172.51', 'Mozilla/5.0 (Windows NT 6.1; WOW64) AppleWebKit/537.36 (KHTML, like Gecko) Chrome/49.0.2623.110 Safari/537.36'),
(140, 1, '186.9.172.51', 'Mozilla/5.0 (Windows NT 6.1; WOW64) AppleWebKit/537.36 (KHTML, like Gecko) Chrome/49.0.2623.110 Safari/537.36'),
(141, 13, '186.36.4.90', 'Mozilla/5.0 (Macintosh; Intel Mac OS X 10_11_4) AppleWebKit/537.36 (KHTML, like Gecko) Chrome/50.0.2661.75 Safari/537.36'),
(142, 13, '186.36.4.90', 'Mozilla/5.0 (Macintosh; Intel Mac OS X 10_11_4) AppleWebKit/537.36 (KHTML, like Gecko) Chrome/50.0.2661.75 Safari/537.36'),
(143, 20, '186.148.4.188', 'Mozilla/5.0 (Windows NT 10.0; WOW64) AppleWebKit/537.36 (KHTML, like Gecko) Chrome/49.0.2623.112 Safari/537.36'),
(144, 20, '186.148.4.188', 'Mozilla/5.0 (Windows NT 10.0; WOW64) AppleWebKit/537.36 (KHTML, like Gecko) Chrome/49.0.2623.112 Safari/537.36'),
(145, 22, '179.9.215.152', 'Mozilla/5.0 (Windows NT 6.3; WOW64) AppleWebKit/537.36 (KHTML, like Gecko) Chrome/49.0.2623.112 Safari/537.36'),
(146, 22, '179.9.215.152', 'Mozilla/5.0 (Windows NT 6.3; WOW64) AppleWebKit/537.36 (KHTML, like Gecko) Chrome/49.0.2623.112 Safari/537.36'),
(147, 11, '190.215.12.71', 'Mozilla/5.0 (Windows NT 6.3; WOW64; rv:45.0) Gecko/20100101 Firefox/45.0'),
(148, 11, '190.215.12.71', 'Mozilla/5.0 (Windows NT 6.3; WOW64; rv:45.0) Gecko/20100101 Firefox/45.0'),
(149, 17, '186.36.4.90', 'Mozilla/5.0 (Macintosh; Intel Mac OS X 10_11_1) AppleWebKit/537.36 (KHTML, like Gecko) Chrome/49.0.2623.112 Safari/537.3'),
(150, 16, '186.148.4.188', 'Mozilla/5.0 (Windows NT 6.1; WOW64) AppleWebKit/537.36 (KHTML, like Gecko) Chrome/49.0.2623.75 Safari/537.36'),
(151, 16, '186.148.4.188', 'Mozilla/5.0 (Windows NT 6.1; WOW64) AppleWebKit/537.36 (KHTML, like Gecko) Chrome/49.0.2623.75 Safari/537.36'),
(152, 19, '190.216.147.246', 'Mozilla/5.0 (Windows NT 6.3; WOW64) AppleWebKit/537.36 (KHTML, like Gecko) Chrome/50.0.2661.87 Safari/537.36'),
(153, 19, '190.216.147.246', 'Mozilla/5.0 (Windows NT 6.3; WOW64) AppleWebKit/537.36 (KHTML, like Gecko) Chrome/50.0.2661.87 Safari/537.36'),
(154, 20, '190.216.147.246', 'Mozilla/5.0 (Windows NT 10.0; WOW64) AppleWebKit/537.36 (KHTML, like Gecko) Chrome/49.0.2623.112 Safari/537.36'),
(155, 15, '190.216.147.246', 'Mozilla/5.0 (Macintosh; Intel Mac OS X 10_11_4) AppleWebKit/537.36 (KHTML, like Gecko) Chrome/50.0.2661.86 Safari/537.36'),
(156, 15, '190.216.147.246', 'Mozilla/5.0 (Macintosh; Intel Mac OS X 10_11_4) AppleWebKit/601.5.17 (KHTML, like Gecko) Version/9.1 Safari/601.5.17'),
(157, 19, '190.216.147.246', 'Mozilla/5.0 (Windows NT 6.3; WOW64) AppleWebKit/537.36 (KHTML, like Gecko) Chrome/50.0.2661.87 Safari/537.36'),
(158, 15, '190.216.147.246', 'Mozilla/5.0 (Macintosh; Intel Mac OS X 10_11_4) AppleWebKit/537.36 (KHTML, like Gecko) Chrome/50.0.2661.86 Safari/537.36'),
(159, 1, '181.42.35.120', 'Mozilla/5.0 (Windows NT 6.1; WOW64) AppleWebKit/537.36 (KHTML, like Gecko) Chrome/49.0.2623.110 Safari/537.36'),
(160, 1, '181.42.35.120', 'Mozilla/5.0 (Windows NT 6.1; WOW64) AppleWebKit/537.36 (KHTML, like Gecko) Chrome/49.0.2623.110 Safari/537.36'),
(161, 1, '190.209.2.190', 'Mozilla/5.0 (Windows NT 6.1; WOW64) AppleWebKit/537.36 (KHTML, like Gecko) Chrome/49.0.2623.112 Safari/537.36'),
(162, 16, '186.148.4.188', 'Mozilla/5.0 (Windows NT 6.1; WOW64) AppleWebKit/537.36 (KHTML, like Gecko) Chrome/49.0.2623.75 Safari/537.36'),
(163, 12, '201.214.89.98', 'Mozilla/5.0 (Macintosh; Intel Mac OS X 10_11_4) AppleWebKit/537.36 (KHTML, like Gecko) Chrome/49.0.2623.112 Safari/537.3'),
(164, 12, '201.214.89.98', 'Mozilla/5.0 (Macintosh; Intel Mac OS X 10_11_4) AppleWebKit/537.36 (KHTML, like Gecko) Chrome/49.0.2623.112 Safari/537.3'),
(165, 12, '201.214.89.98', 'Mozilla/5.0 (Macintosh; Intel Mac OS X 10_11_4) AppleWebKit/537.36 (KHTML, like Gecko) Chrome/49.0.2623.112 Safari/537.3'),
(166, 18, '201.219.233.243', 'Mozilla/5.0 (Windows NT 6.3; WOW64) AppleWebKit/537.36 (KHTML, like Gecko) Chrome/49.0.2623.112 Safari/537.36'),
(167, 18, '201.219.233.243', 'Mozilla/5.0 (Windows NT 6.3; WOW64) AppleWebKit/537.36 (KHTML, like Gecko) Chrome/49.0.2623.112 Safari/537.36'),
(168, 15, '190.216.147.246', 'Mozilla/5.0 (Macintosh; Intel Mac OS X 10_11_4) AppleWebKit/537.36 (KHTML, like Gecko) Chrome/50.0.2661.86 Safari/537.36'),
(169, 13, '190.91.55.140', 'Mozilla/5.0 (Windows NT 6.1; WOW64) AppleWebKit/537.36 (KHTML, like Gecko) Chrome/49.0.2623.110 Safari/537.36'),
(170, 1, '190.91.55.140', 'Mozilla/5.0 (Windows NT 6.1; WOW64) AppleWebKit/537.36 (KHTML, like Gecko) Chrome/49.0.2623.110 Safari/537.36'),
(171, 22, '190.209.2.190', 'Mozilla/5.0 (Windows NT 6.3; WOW64) AppleWebKit/537.36 (KHTML, like Gecko) Chrome/50.0.2661.87 Safari/537.36'),
(172, 16, '186.148.4.188', 'Mozilla/5.0 (Windows NT 6.1; WOW64) AppleWebKit/537.36 (KHTML, like Gecko) Chrome/49.0.2623.75 Safari/537.36'),
(173, 23, '190.91.55.140', 'Mozilla/5.0 (Windows NT 6.1; WOW64) AppleWebKit/537.36 (KHTML, like Gecko) Chrome/49.0.2623.110 Safari/537.36'),
(174, 23, '190.91.55.140', 'Mozilla/5.0 (Windows NT 6.1; WOW64) AppleWebKit/537.36 (KHTML, like Gecko) Chrome/49.0.2623.110 Safari/537.36'),
(175, 23, '190.209.2.190', 'Mozilla/5.0 (Windows NT 6.1; WOW64) AppleWebKit/537.36 (KHTML, like Gecko) Chrome/49.0.2623.112 Safari/537.36'),
(176, 23, '190.209.2.190', 'Mozilla/5.0 (Windows NT 6.1; WOW64) AppleWebKit/537.36 (KHTML, like Gecko) Chrome/49.0.2623.112 Safari/537.36'),
(177, 23, '190.209.2.190', 'Mozilla/5.0 (Windows NT 6.1; WOW64) AppleWebKit/537.36 (KHTML, like Gecko) Chrome/49.0.2623.112 Safari/537.36'),
(178, 13, '190.209.2.190', 'Mozilla/5.0 (Macintosh; Intel Mac OS X 10_11_4) AppleWebKit/537.36 (KHTML, like Gecko) Chrome/50.0.2661.86 Safari/537.36'),
(179, 13, '190.209.2.190', 'Mozilla/5.0 (Macintosh; Intel Mac OS X 10_11_4) AppleWebKit/537.36 (KHTML, like Gecko) Chrome/50.0.2661.86 Safari/537.36'),
(180, 14, '190.209.2.190', 'Mozilla/5.0 (Windows NT 10.0; Win64; x64) AppleWebKit/537.36 (KHTML, like Gecko) Chrome/46.0.2486.0 Safari/537.36 Edge/1'),
(181, 14, '190.209.2.190', 'Mozilla/5.0 (Windows NT 10.0; Win64; x64) AppleWebKit/537.36 (KHTML, like Gecko) Chrome/46.0.2486.0 Safari/537.36 Edge/1'),
(182, 1, '190.209.2.190', 'Mozilla/5.0 (Windows NT 6.1; WOW64) AppleWebKit/537.36 (KHTML, like Gecko) Chrome/49.0.2623.112 Safari/537.36'),
(183, 1, '190.209.2.190', 'Mozilla/5.0 (Windows NT 6.1; WOW64) AppleWebKit/537.36 (KHTML, like Gecko) Chrome/49.0.2623.112 Safari/537.36'),
(184, 23, '190.209.2.190', 'Mozilla/5.0 (Windows NT 6.1; WOW64) AppleWebKit/537.36 (KHTML, like Gecko) Chrome/49.0.2623.112 Safari/537.36'),
(185, 13, '190.209.2.190', 'Mozilla/5.0 (Macintosh; Intel Mac OS X 10_11_4) AppleWebKit/537.36 (KHTML, like Gecko) Chrome/50.0.2661.86 Safari/537.36'),
(186, 16, '186.148.4.188', 'Mozilla/5.0 (Windows NT 6.1; WOW64) AppleWebKit/537.36 (KHTML, like Gecko) Chrome/49.0.2623.75 Safari/537.36'),
(187, 14, '190.216.147.246', 'Mozilla/5.0 (Windows NT 10.0; Win64; x64) AppleWebKit/537.36 (KHTML, like Gecko) Chrome/46.0.2486.0 Safari/537.36 Edge/1'),
(188, 14, '190.216.147.246', 'Mozilla/5.0 (Windows NT 10.0; Win64; x64) AppleWebKit/537.36 (KHTML, like Gecko) Chrome/46.0.2486.0 Safari/537.36 Edge/1'),
(189, 23, '190.209.2.190', 'Mozilla/5.0 (Windows NT 6.1; WOW64) AppleWebKit/537.36 (KHTML, like Gecko) Chrome/50.0.2661.94 Safari/537.36'),
(190, 13, '190.209.2.190', 'Mozilla/5.0 (Macintosh; Intel Mac OS X 10_11_4) AppleWebKit/537.36 (KHTML, like Gecko) Chrome/50.0.2661.86 Safari/537.36'),
(191, 1, '::1', 'Mozilla/5.0 (Windows NT 6.1; WOW64) AppleWebKit/537.36 (KHTML, like Gecko) Chrome/50.0.2661.94 Safari/537.36'),
(192, 14, '::1', 'Mozilla/5.0 (Windows NT 6.1; WOW64) AppleWebKit/537.36 (KHTML, like Gecko) Chrome/50.0.2661.94 Safari/537.36'),
(193, 1, '::1', 'Mozilla/5.0 (Windows NT 6.1; WOW64) AppleWebKit/537.36 (KHTML, like Gecko) Chrome/50.0.2661.102 Safari/537.36'),
(194, 1, '::1', 'Mozilla/5.0 (Windows NT 6.1; WOW64) AppleWebKit/537.36 (KHTML, like Gecko) Chrome/50.0.2661.102 Safari/537.36'),
(195, 1, '::1', 'Mozilla/5.0 (Windows NT 6.1; WOW64) AppleWebKit/537.36 (KHTML, like Gecko) Chrome/50.0.2661.102 Safari/537.36'),
(196, 1, '::1', 'Mozilla/5.0 (Windows NT 6.1; WOW64) AppleWebKit/537.36 (KHTML, like Gecko) Chrome/50.0.2661.102 Safari/537.36'),
(197, 1, '::1', 'Mozilla/5.0 (Windows NT 6.1; WOW64) AppleWebKit/537.36 (KHTML, like Gecko) Chrome/50.0.2661.102 Safari/537.36'),
(198, 1, '::1', 'Mozilla/5.0 (Windows NT 6.1; WOW64) AppleWebKit/537.36 (KHTML, like Gecko) Chrome/50.0.2661.102 Safari/537.36'),
(199, 1, '::1', 'Mozilla/5.0 (Windows NT 6.1; WOW64) AppleWebKit/537.36 (KHTML, like Gecko) Chrome/50.0.2661.102 Safari/537.36'),
(200, 1, '::1', 'Mozilla/5.0 (Windows NT 6.1; WOW64) AppleWebKit/537.36 (KHTML, like Gecko) Chrome/50.0.2661.102 Safari/537.36');

-- --------------------------------------------------------

--
-- Estructura de tabla para la tabla `users`
--

CREATE TABLE IF NOT EXISTS `users` (
  `id` int(11) NOT NULL,
  `name` varchar(255) NOT NULL,
  `email` varchar(255) NOT NULL,
  `avatar` text,
  `password` char(60) NOT NULL,
  `mustChangePassword` char(1) DEFAULT NULL,
  `profilesId` varchar(24) NOT NULL DEFAULT '0' COMMENT '_id de personas en mongoDB',
  `banned` char(1) NOT NULL,
  `suspended` char(1) NOT NULL,
  `active` char(1) DEFAULT NULL,
  `rut` varchar(40) NOT NULL
) ENGINE=InnoDB AUTO_INCREMENT=24 DEFAULT CHARSET=utf8 ROW_FORMAT=COMPACT;

--
-- Volcado de datos para la tabla `users`
--

INSERT INTO `users` (`id`, `name`, `email`, `avatar`, `password`, `mustChangePassword`, `profilesId`, `banned`, `suspended`, `active`, `rut`) VALUES
(1, 'Miguelo Jara Orozco', 'miguel.jara@zentagroup.com', 'files/avatars/1/avatarMiguelo1.jpg', '$2a$08$uO0vuzBiZ5AEozInRS09qevdJtVB0VvWSM90fIXgv0gJxQdcV03wG', 'N', '56b25b7580bf27ec1900002b', 'N', 'N', 'Y', '136362755'),
(11, 'Hugo Varela', 'hugo.varela@zentagroup.com', NULL, '$2a$08$hIa0js5Z35hYTNMa6rUxV.CsvnqS2ZXacZkpZper0y/yBwBzHqcZ2', 'N', '0', 'N', 'N', 'Y', '131366833'),
(12, 'Rodrigo Manriquez', 'rodrigo.manriquez@zentagroup.com', NULL, '$2a$08$L8mXStdKqakW27JHepOlBewGlWl3BIEL0fwMNE5gLEF7w383X.YaK', 'N', '0', 'N', 'N', 'Y', '166683106'),
(13, 'Adolfo Gomez', 'adolfo.gomez@zentagroup.com', NULL, '$2a$08$Q9tB0UWnFjTNqVX5spqIbec0tAmawTHQk1bKh7wXKCl8R.xO7S2o2', 'N', '0', 'N', 'N', 'Y', '166045797'),
(14, 'Edson Moya', 'edson.moya@zentagroup.com', NULL, '$2a$08$uO0vuzBiZ5AEozInRS09qevdJtVB0VvWSM90fIXgv0gJxQdcV03wG', 'N', '0', 'N', 'N', 'Y', '128272550'),
(15, 'Felipe Tapia', 'felipe.tapia@zentagroup.com', NULL, '$2a$08$Wi4BqdVGZirP5q9NlrEwUuL55fpU9v.UpoVy8q9MNSAumqNHBdHiS', 'N', '0', 'N', 'N', 'Y', '157199471'),
(16, 'Claudio Perez', 'claudio.perez@zentagroup.com', NULL, '$2a$08$1y4NaCryjVvQ4Btf6wRDxeT0AYr9ADAr0MvW5RCTgZU0duvwCasBi', 'N', '0', 'N', 'N', 'Y', '131328060'),
(17, 'Mario Zuñiga', 'mario.zuniga@zentagroup.com', NULL, '$2a$08$Ulz8EK8yfZC2JxxGaWer3OKPPBKyCHWvHSVu7BywR21T5abKxZtcK', 'N', '0', 'N', 'N', 'Y', '13152210K'),
(18, 'Cristian Diaz', 'cristian.diaz@zentagroup.com', NULL, '$2a$08$LYpxb3ITwhfmmNkoWgpSs.bvXSXNJ9o211mn6wRNPb.YfIUc.GJRi', 'N', '0', 'N', 'N', 'Y', '135438804'),
(19, 'Alba Yanes Fernandez', 'alba.yanes@zentagroup.com', NULL, '--', 'N', '0', 'N', 'N', 'Y', '252203443'),
(20, 'Carlos Uribe Contreras', 'carlos.uribe@zentagroup.com', NULL, '$2a$08$veXqriy3qkjPVUhzhmesp.Z8Dr8VIYY7B3YiC.ffeqCWMZlpUvs5i', 'N', '0', 'N', 'N', 'Y', '180090444'),
(21, 'Luis Vilches belmar', 'luis.vilches@zentagroup.com', NULL, '$2a$08$uO0vuzBiZ5AEozInRS09qevdJtVB0VvWSM90fIXgv0gJxQdcV03wG', 'Y', '0', 'N', 'N', 'Y', '157257056'),
(22, 'Roberto Rozas Segovia', 'roberto.rozas@zentagroup.com', NULL, '$2a$08$mOFFsRfWfbM5CloHsYhjfukftHdvg5mIy1d5NwyGYRbvGtBo55IQG', 'N', '0', 'N', 'N', 'Y', '165215885'),
(23, 'Guillermo Salinas', 'guillermo.salinas@zentagroup.com', NULL, '$2a$08$uO0vuzBiZ5AEozInRS09qevdJtVB0VvWSM90fIXgv0gJxQdcV03wG', 'N', '0', 'N', 'N', 'Y', '1111111111');

--
-- Índices para tablas volcadas
--

--
-- Indices de la tabla `area`
--
ALTER TABLE `area`
  ADD PRIMARY KEY (`area_id`);

--
-- Indices de la tabla `area_proyecto`
--
ALTER TABLE `area_proyecto`
  ADD PRIMARY KEY (`area_proyecto_id`),
  ADD KEY `area_area_proyecto_fk` (`area_id`),
  ADD KEY `proyecto_area_proyecto_fk` (`proy_id`);

--
-- Indices de la tabla `bolsa_hh`
--
ALTER TABLE `bolsa_hh`
  ADD PRIMARY KEY (`blsa_id`);

--
-- Indices de la tabla `colores`
--
ALTER TABLE `colores`
  ADD PRIMARY KEY (`color`);

--
-- Indices de la tabla `email_confirmations`
--
ALTER TABLE `email_confirmations`
  ADD PRIMARY KEY (`id`);

--
-- Indices de la tabla `failed_logins`
--
ALTER TABLE `failed_logins`
  ADD PRIMARY KEY (`id`),
  ADD KEY `usersId` (`usersId`);

--
-- Indices de la tabla `password_changes`
--
ALTER TABLE `password_changes`
  ADD PRIMARY KEY (`id`),
  ADD KEY `usersId` (`usersId`);

--
-- Indices de la tabla `permissions`
--
ALTER TABLE `permissions`
  ADD PRIMARY KEY (`id`),
  ADD KEY `profilesId` (`profilesId`);

--
-- Indices de la tabla `personas`
--
ALTER TABLE `personas`
  ADD PRIMARY KEY (`rut`);

--
-- Indices de la tabla `persona_proyecto`
--
ALTER TABLE `persona_proyecto`
  ADD PRIMARY KEY (`prsn_proy_id`),
  ADD KEY `rut` (`rut`),
  ADD KEY `proy_id` (`proy_id`);

--
-- Indices de la tabla `persona_semana`
--
ALTER TABLE `persona_semana`
  ADD PRIMARY KEY (`prsn_smna_id`),
  ADD KEY `rut` (`rut`),
  ADD KEY `area_persona_proyecto_fk` (`area_id`);

--
-- Indices de la tabla `profiles`
--
ALTER TABLE `profiles`
  ADD PRIMARY KEY (`id`),
  ADD KEY `active` (`active`);

--
-- Indices de la tabla `proyecto`
--
ALTER TABLE `proyecto`
  ADD PRIMARY KEY (`proy_id`),
  ADD KEY `proyecto_bolsaHh_fk` (`blsa_id`),
  ADD KEY `proy_color` (`proy_color`);

--
-- Indices de la tabla `proyecto_persona_semana`
--
ALTER TABLE `proyecto_persona_semana`
  ADD PRIMARY KEY (`proy_ps_id`),
  ADD KEY `proy_id` (`proy_id`),
  ADD KEY `prsn_smna_id` (`prsn_smna_id`);

--
-- Indices de la tabla `remember_tokens`
--
ALTER TABLE `remember_tokens`
  ADD PRIMARY KEY (`id`),
  ADD KEY `token` (`token`);

--
-- Indices de la tabla `reset_passwords`
--
ALTER TABLE `reset_passwords`
  ADD PRIMARY KEY (`id`),
  ADD KEY `usersId` (`usersId`);

--
-- Indices de la tabla `success_logins`
--
ALTER TABLE `success_logins`
  ADD PRIMARY KEY (`id`),
  ADD KEY `usersId` (`usersId`);

--
-- Indices de la tabla `users`
--
ALTER TABLE `users`
  ADD PRIMARY KEY (`id`),
  ADD KEY `profilesId` (`profilesId`);

--
-- AUTO_INCREMENT de las tablas volcadas
--

--
-- AUTO_INCREMENT de la tabla `area`
--
ALTER TABLE `area`
  MODIFY `area_id` int(11) NOT NULL AUTO_INCREMENT,AUTO_INCREMENT=4;
--
-- AUTO_INCREMENT de la tabla `area_proyecto`
--
ALTER TABLE `area_proyecto`
  MODIFY `area_proyecto_id` int(11) NOT NULL AUTO_INCREMENT;
--
-- AUTO_INCREMENT de la tabla `bolsa_hh`
--
ALTER TABLE `bolsa_hh`
  MODIFY `blsa_id` int(11) NOT NULL AUTO_INCREMENT,AUTO_INCREMENT=5;
--
-- AUTO_INCREMENT de la tabla `email_confirmations`
--
ALTER TABLE `email_confirmations`
  MODIFY `id` int(10) unsigned NOT NULL AUTO_INCREMENT;
--
-- AUTO_INCREMENT de la tabla `failed_logins`
--
ALTER TABLE `failed_logins`
  MODIFY `id` int(10) unsigned NOT NULL AUTO_INCREMENT,AUTO_INCREMENT=68;
--
-- AUTO_INCREMENT de la tabla `password_changes`
--
ALTER TABLE `password_changes`
  MODIFY `id` int(10) unsigned NOT NULL AUTO_INCREMENT;
--
-- AUTO_INCREMENT de la tabla `permissions`
--
ALTER TABLE `permissions`
  MODIFY `id` int(10) unsigned NOT NULL AUTO_INCREMENT,AUTO_INCREMENT=23;
--
-- AUTO_INCREMENT de la tabla `persona_proyecto`
--
ALTER TABLE `persona_proyecto`
  MODIFY `prsn_proy_id` int(11) NOT NULL AUTO_INCREMENT,AUTO_INCREMENT=4;
--
-- AUTO_INCREMENT de la tabla `persona_semana`
--
ALTER TABLE `persona_semana`
  MODIFY `prsn_smna_id` int(11) NOT NULL AUTO_INCREMENT,AUTO_INCREMENT=2;
--
-- AUTO_INCREMENT de la tabla `profiles`
--
ALTER TABLE `profiles`
  MODIFY `id` int(10) unsigned NOT NULL AUTO_INCREMENT,AUTO_INCREMENT=4;
--
-- AUTO_INCREMENT de la tabla `proyecto`
--
ALTER TABLE `proyecto`
  MODIFY `proy_id` int(11) NOT NULL AUTO_INCREMENT,AUTO_INCREMENT=6;
--
-- AUTO_INCREMENT de la tabla `proyecto_persona_semana`
--
ALTER TABLE `proyecto_persona_semana`
  MODIFY `proy_ps_id` int(11) NOT NULL AUTO_INCREMENT,AUTO_INCREMENT=3;
--
-- AUTO_INCREMENT de la tabla `remember_tokens`
--
ALTER TABLE `remember_tokens`
  MODIFY `id` int(10) unsigned NOT NULL AUTO_INCREMENT,AUTO_INCREMENT=201;
--
-- AUTO_INCREMENT de la tabla `reset_passwords`
--
ALTER TABLE `reset_passwords`
  MODIFY `id` int(10) unsigned NOT NULL AUTO_INCREMENT;
--
-- AUTO_INCREMENT de la tabla `success_logins`
--
ALTER TABLE `success_logins`
  MODIFY `id` int(10) unsigned NOT NULL AUTO_INCREMENT,AUTO_INCREMENT=201;
--
-- AUTO_INCREMENT de la tabla `users`
--
ALTER TABLE `users`
  MODIFY `id` int(11) NOT NULL AUTO_INCREMENT,AUTO_INCREMENT=24;
--
-- Restricciones para tablas volcadas
--

--
-- Filtros para la tabla `area_proyecto`
--
ALTER TABLE `area_proyecto`
  ADD CONSTRAINT `area_area_proyecto_fk` FOREIGN KEY (`area_id`) REFERENCES `area` (`area_id`) ON DELETE NO ACTION ON UPDATE NO ACTION,
  ADD CONSTRAINT `proyecto_area_proyecto_fk` FOREIGN KEY (`proy_id`) REFERENCES `proyecto` (`proy_id`) ON DELETE NO ACTION ON UPDATE NO ACTION;

--
-- Filtros para la tabla `persona_semana`
--
ALTER TABLE `persona_semana`
  ADD CONSTRAINT `area_persona_proyecto_fk` FOREIGN KEY (`area_id`) REFERENCES `area` (`area_id`) ON DELETE NO ACTION ON UPDATE NO ACTION,
  ADD CONSTRAINT `persona_persona_proyecto_fk` FOREIGN KEY (`rut`) REFERENCES `personas` (`rut`) ON DELETE NO ACTION ON UPDATE NO ACTION;

--
-- Filtros para la tabla `proyecto`
--
ALTER TABLE `proyecto`
  ADD CONSTRAINT `proyecto_bolsaHh_fk` FOREIGN KEY (`blsa_id`) REFERENCES `bolsa_hh` (`blsa_id`) ON DELETE NO ACTION ON UPDATE NO ACTION,
  ADD CONSTRAINT `proyecto_color_fk` FOREIGN KEY (`proy_color`) REFERENCES `colores` (`color`) ON DELETE NO ACTION ON UPDATE NO ACTION;

--
-- Filtros para la tabla `proyecto_persona_semana`
--
ALTER TABLE `proyecto_persona_semana`
  ADD CONSTRAINT `persona_semana_fk` FOREIGN KEY (`prsn_smna_id`) REFERENCES `persona_semana` (`prsn_smna_id`) ON DELETE NO ACTION ON UPDATE NO ACTION,
  ADD CONSTRAINT `proyecto_fk` FOREIGN KEY (`proy_id`) REFERENCES `proyecto` (`proy_id`) ON DELETE NO ACTION ON UPDATE NO ACTION;

/*!40101 SET CHARACTER_SET_CLIENT=@OLD_CHARACTER_SET_CLIENT */;
/*!40101 SET CHARACTER_SET_RESULTS=@OLD_CHARACTER_SET_RESULTS */;
/*!40101 SET COLLATION_CONNECTION=@OLD_COLLATION_CONNECTION */;
